,0,1,2,3,4,5,6,7,8,9,10,11,12,13,14,15,16,17,18,19
1,idee,projekt,tolle,eva,gespannt,toi,stories,tolles,geschichte,super,wow,mfayuyo_pyvhyh6kom_acw,was,danke,genial,mega,umsetzung,s4icm8xecsy,oqxijcyyblfqwj64bmctea,npg
2,projekt,0taqtzqqe6cxa,cy9hacx7,75mrfspwrghl8ssvzevewq,idee,n25xdsdvkgyt5ffs6aenhw,atljqmohgbx2workrz4gkq,instagram,tolle,standort,geschichte,bvogh5nstbwnpv8hodi2aw,vermeidlich,bktxw164glwlkqke_s2xxg,ficxkmwmqon4sy8t0spgaa,zcfr4ublr59qhjuwspspoa,mfj0rvwq70ct3_qe90ceug,israel,super,tolles
3,projekt,uyvijiobcrdbvbkoid2cbw,idee,tolles,gespannt,jana,cooles,kassel,rehau,tolle,sophie,danke,geschichte,qj3cbfx8ttslvjj6yfvjcq,mal,coole,begeistert,super,umsetzung,amcbmlhxi1cdvoax6tkjma
4,inge,idee,projekt,fmjlwaqazfddpiryqtu,mq,90ime0r,3sjjmckujeg,od,wil,interviews,mijn,ben,ik,tolle,want,anne,je,mega,ältere,freue
5,the,and,were,vaterland,to,of,visited,after,daughter,taught,germany,captain,group,evidence,kazbuuwmcbbhlfzqnh8j_g,who,fürs,fritz,idee,sophie
6,projekt,sophie,gespannt,hallo,5cjyfebh2lx0q3v7v_p,geschichte,d93ga0istjan5ahcewfipg,jw,x1wechrzv0efpzitprclea,bqupiekqj2mgnbftml_z8w,schon,freue,24,bruder,toll,tolles,highlights,dialekt,ja,xvygynt29s9yfdcsl3zukg
7,idee,projekt,tolle,uzh2mrdsdhff_aodxctxqw,tolles,sophie,super,reise,geschichte,mega,gespannt,gut,jana,gute,toll,mal,umsetzung,gufqndjryfav4ci4psxgfg,eine,ulm
8,idee,projekt,ffsxhxsvhqvew6nbbreyrg,tolle,gespannt,tolles,umsetzung,sophie,danke,jana,mega,super,geschichte,schon,7yd,brz0c8el8a2lhw,begeistert,cry,scholl,5u3ygjggkd9xtg5rfjw8ra
9,volkes,li1aqw_gblyrg60rnzaksq,volk,wohl,sophie,d3x7d08lmnpq,avd4wieyv,cicero,idee,qkjfwnil0wbk5,vs_sxbdg,osjcqcvavrtd9oypsaxkcg,stories,projekt,esto,ja,oberstes,igtv,publica,pug9usu7baqyntjfk4jpqg
10,brezel,projekt,sophie,xfwmqjnoq8r9v1xim8dzva,jijvtcb_rcklbkiq1h0r7q,idee,brezeln,breze,pbjbdrajiiea0qyxttfbaw,eva,umdenken,format,stories,münchen,tolles,danke,fx4yth_xtp9kszi_ygs6sq,hozsqowdowk_cigkcikwsg,ypq1cje4wqnilehhlvj_jq,cn2i8kapsl3uc1nod19w2g
11,projekt,gxqyltaivcka,lhovteure,sophie,liebe,idee,nkszgoa8s686agyayyv94q,stories,eva,tolles,nrjgsr6r4esbik7,njbjgw,mal,fritz,credits,ja,danke,toll,vpmzzjqdvbmf_r_hdhnq2g,ij27z8jqctdbpvgmtpk7va
12,mubmdav2aw46qarxsg00jw,projekt,mvr7wmhvnisyo7zn73tzva,menschen,xepvr0hfjygijr5u2pdklw,4wx94bpjwnzmcalswamudq,sophie,w6dtsz1mmfaw7rkj9g,paragraph,afd,mal,mehr,ja,homosexualität,homosexuelle,paragraphen,6x7zpdollc7lkkr5xdsxjq,gibt,homophobie,ländern
13,uni,tag,projekt,erster,aufregend,2pxy9l1_giguwa,m8cywea,sophie,pa6zziylasqxw5ibm_3ixg,rceogjj1l_wbosavczpeww,ersten,unitag,l4d_f2ejtuerjm_auusapw,schon,mal,au6hrxhnvm81lk3wpz4r,kvnyyx5xccezq9ockrisvq,ja,geschichte,tolles
14,r3v1imhnoadxjfmxsrckxq,sophie,geburtstag,xytqvs3cajckgy6iajmsdq,projekt,faoc7thiwtim1kbmviqvtw,liebe,krieg,danke,zeit,menschen,leben,blumen,handeln,heute,ja,gut,nie,schon,gibt
15,geburtstag,alles,birthday,glückwunsch,gute,happy,liebe,sophie,herzlichen,honigbrot,tag,desinfektionsmittel,danke,läusekamm,100,schmecken,paket,feiern,lass,heute
16,geburtstag,alles,birthday,gute,happy,liebe,sophie,glückwunsch,tanzen,feier,nachträglich,schön,herzlichen,feiern,geburtstagsfeier,qw,7hrhh,_eqagxptgoswp,musik,heute
17,bücher,verbrennen,verbrennt,bücherverbrennung,verbrannt,sophie,heine,autoren,menschen,werke,wah,tzs_rcnkdrdndcwoez33nw,doo,heute,ja,projekt,heinrich,kästner,immer,mehr
18,schädlich,menschen,sophie,wissenschaft,langschädlich,vtlhx6zdzaeusziy_ktlha,schädel,professor,blond,phcl3suz7r1wri6_ndqrug,herrenmensch,blauäugig,immer,projekt,zeit,langschädlichkeit,danke,schon,esel,wohl
19,kant,menschen,warum,frage,leben,pqeq9fxzmtgwi_tupvl0qq,immer,mensch,ev4qzd5badvftlqiw6nhrg,philosophie,y49ierff62k31cdigsho2g,xq9rnggovumhww2isxemzq,gibt,welt,böse,mehr,liebe,streben,selbstliebe,viele
20,schuhe,essigwasser,putzen,essig,handcreme,natron,tipp,1jqwb5dwldzttou_tpjduq,kf4sryhnsoexzxvvecen8g,kaffee,spucke,hausmittel,sauber,schuhen,backpulver,mi6mtzsiithfzg6hulswhq,geputzt,leder,polieren,super
21,freundschaft,blick,traute,ersten,gibt,ja,mpeud3botpl5d3_p0w,vmp,freundschaften,sophie,periode,freundin,schon,schön,hib4mkmha,vgwtwb0q_04a,definitiv,projekt,tolle,mal
22,pud75ymtdm5aao88d9scgw,_hwj5q6zo42xisuep1jeta,liebe,gi8,r1tdaoizezbwgxwhww,sophie,augsburg,veganismus,glauben,eoswjfwevjjggncf6bo3vq,v9cbbgcq,9wnq4o7ri_1y2,3xkm4bzpbex_ezfkt8mgda,jesus,mc9vukdbcjdgqwhchyyc5q,glaube,menschen,schön,fritz,christen
23,typ,der,immer,typen,qrn9,suf4sxrilenznsxxw,debatten,lauter,mischung,ausreden,meinung,ich,debatte,argumente,wort,1envg3em2wswnhpuaxug3w,nummer,wild,sagt,die
24,erde,menschen,hautkrankheit,1vsblmusjlgwgr5nf0kqag,mensch,ökofaschismus,hgguvjub17acuiojnq851a,menschheit,ja,go5snq4o1mr5yaa8vhbjuq,zitat,sophie,w9nsuv9ur2c_ppiltl,0tg,welt,tiere,mal,krebsgeschwür,immer,natur
25,b3lmbsjvghpoc3q3ujefhg,sophie,bjgwlfqhce1tsmmwzfzica,bdm,ja,fehler,menschen,1vsblmusjlgwgr5nf0kqag,mal,vyeq2kiqcbscroo7232awg,7xzapnlci83hadykvccccw,hast,einfach,hätte,491ot9wkossnfswub_hv3q,leben,scholl,b6cont7ow,faxy6_j8qz7a,w9nsuv9ur2c_ppiltl
26,sahtpb_rzrhfhtbz3qe7iq,projekt,ob7rnyz_kfqwkkosbh28ja,qfbjfx1qq4sgyv8dusipwa,xhtbq6vfdg,haw4bhepg,oaqkvehwy5nn8x9mqblxrg,sophie,geschichte,menschen,gut,w9nsuv9ur2c_ppiltl,0tg,szidhqu6zvfu2utbjnmgwa,ja,statuen,the,zeit,erdbeerglueck,störung
27,frauen,cdsf,ajklgliaeflvtzvyg,azaw0ifkyjza,wgasek2x0,b7dzo_kjdqfdxqn93c7lcg,jc7rvgha6s5zbufdxe8jca,frau,männern,sophie,männer,politik,kanzlerin,ja,liebe,handwerkliche,mehr,führungspositionen,vorstand,denken
28,sophie,scholl,projekt,ja,menschen,fritz,account,kritik,liebe,zeit,person,kontext,y9xhcdmbvzkeivf8vvq,uf,the,krieg,bang,schon,macht,geht
29,0qackn7mg00_kyagm5_y1w,w9nsuv9ur2c_ppiltl,0tg,projekt,fritz,account,sophie,ja,zeit,liebe,danke,uniform,finde,wirklich,menschen,einfach,klasse,geschichte,freiwillig,gut
30,struwwelpeter,buch,erstes,märchen,struwelpeter,bücher,immer,9loddazu_bwpir0dermh8g,vorgelesen,mochte,pädagogik,kassette,sjxkefokk_h,tf1derz85g,busch,kind,owpwnu_u5xtppithlow9nw,schneider,bwuqjfmjonkx8lztcbb5lw,geschichten
31,w9nsuv9ur2c_ppiltl,0tg,g3clpq8zsxmlorpx8jxfww,p2ozdv9q0gzcz_neqsn9hq,43ts4xlvxfm2chws,xhq,sophie,ja,51qs6c1prsdfpqxdrkmnza,lv6xa80vywsqpgj,cdzqha,bild,kommentare,propaganda,beobachter,menschen,zeitung,projekt,drecksblatt,sekte
32,ssne0aps82ip9wvx44cg9g,sophie,ja,lmih5k3bmixxzh1dpdqprg,projekt,scholl,i3dfst_zdtdlejg8poyg,leben,account,originalzitat,filter,person,schatten,system,wäre,kommentar,kritik,finde,menschen,nutzer
33,projekt,zqsdpkv9o_jiiqqb8tgi1a,sophie,ausblenden,b2zmc2bjnta4x8blsrokvg,jugendfreunde,tolles,vgsajt9qkj6fz1rokgmxqq,czokacxu8trq,zusammengenommen,g9r9tve3a,trennen,hohenlohe,besuchst,schauspielkunst,begeistert,bewundernswert,frau,scholl,allermeisten
34,8vbhv_opvzlne287hya2vg,brüder,bruder,kleine,lcklukni8undnkeqqwacsa,frauen,soffi,anvertrauen,immer,beschützen,hans,schwester,große,männer,willenskraft,schwestern,hübscher,geschwisterliebe,sophie,hib4mkmha
35,frauen,sophie,männer,kindergärtnerin,ausbildung,heiraten,säuglinge,zpau5hfoney61zu6a7nl5w,projekt,ja,wtfxpujcnpvrldqfhlil6g,entscheidungen,liebevoll,liebe,beschützen,scholl,mehr,heute,gerne,frau
36,rose,wprnot0uqpx0b6kuwnqkoq,sophie,traven,geschichte,mutig,weiße,scholl,mut,namen,menschen,widerstand,brentano,projekt,blanca,hhi2hdabitimhrwparzjrw,danke,finde,endlich,ihr
37,zielgruppe,sophie,tngayjyb5rby6dupfwia,ja,uaspkrnune5yelkuquu0jw,projekt,recherchieren,follower,person,wlvm2,jug_ik8cl9tdas8w,bild,scholl,ü18,historischen,innen,junge,ausgerichtet,make,7bpyhv7nhelkgqtprovdqg
38,q_pnqd8zqigfzb2a,5x6ik,ob7rnyz_kfqwkkosbh28ja,oma,1envg3em2wswnhpuaxug3w,dumfugfmt9ylf9tg8irckg,bdm,ja,grünen,sophie,damals,immer,menschen,tngayjyb5rby6dupfwia,t1gxyzwdljbfzoo82vnytq,frauen,wurde,ostpreußen,mutter,schon
39,ausgangssperren,ekir2m1ubbg,yv9ue70ovusuyjmampguna,076q4ne_,sophie,nmdha_jenuxbmo8vcw,brause,p9w,geist,zeit,bleib,herz,stärke,weiches,it,bewundere,löscht,zitat,modern,mut
40,lächeln,foto,sophie,verbiegen,7bpyhv7nhelkgqtprovdqg,buabmädle,schminken,passfotos,bayrisch,fotos,schönheit,mal,gtscbyxnebakb8o6rhdypg,immer,du,lass,bist,passfoto,schwäbisch,perfekt
41,spaß,korb,hahn,natur,fwrfks3zm61cu,6phccaaq,nhdi2qwvlbxebrk1v6wqqq,olfzxyqzajsvwrg7kcs3na,idee,zelten,k0unpao4vo7ihsxlxpbeug,sophie,viel,rbscmsp6yexah75o1ktznw,henne,fluchtweg,antifa,nn5njxa4gtsfoviz1daoiw,wetter,alex
42,jx48aevkh5sy9lasstacja,hxmrpgxf_cphovwvndsewa,i8qtlayvicbroteanr,v6g,sophie,xmlrte4z7bfvz6lnhsfvca,hib4mkmha,vgwtwb0q_04a,teamsoffer,fritz,originalzeichnungen,1tgh8aaz_9ssov_5pkq,hhnkfzfbxqn6yniga0pu4a,wojpdenu1bjohliyoxfwha,zeichnungen,stolz,édith,carron,fg,kommentare
43,kritik,opgbmf7g5yowzvjadwttw,kostenlos,unsachlich,ja,kritisieren,qikzucao6rvbtxanjdcfgw,unsachliche,interpunktionsfehler,annäherung,7bpyhv7nhelkgqtprovdqg,dumpfbacke,projekt,dushmhs3yfqqwu8eh0tiga,weniger,authentisch,meinung,transportieren,gq56qbofhsrgeae5j3pu3g,abgesperrt
44,sophie,netiquette,jl9gh2vc6ll__wqsdsez5q,hib4mkmha,vgwtwb0q_04a,spaß,genießt,fiktion,liebe,innen,projekt,scholl,danke,krauchenwies,ueo3flfvjy4xmealopja,mehr,quellenangaben,flugblätter,wissen,getaggt
45,landluft,kühe,sophie,vr6x,rbdxmtq,ks,riecht,bauernhof,87,sv1,wq_mozq2qzyo0n3gtcirva,liebe,geschichte,ebp_83qb,tf1loaa8isw,88jdwnulrq,cccp,3hnmzrnaoeu6w,tierethik,geruch
46,za6krtzdsgg,lqqcmyavvm,zeichnungen,zeichnung,sophie,_yge,ftkubbd_bhgoh1sxq,pqxz0lp3pydbxu8mntzwpa,vh_rs,k_h1glwunhsgw6gg,projekt,augen,vornherein,scholl,ja,exp9,6jcykdedtzzlsuw,farbigen,ausdrucksstarker,ozykhlbgijrt5umo558agg
47,yfznivui9h5pgoicpudg,lidice,sophie,nvheolifuc2legkysdhiaq,stauffenberg,gjsdbt9vnkknkr6i,q_8ua,zeit,spaß,verknallt,widerstand,7bpyhv7nhelkgqtprovdqg,sueddeutsche,ja,studenten,offiziere,gefühle,mehr,pläne,nachspüren
48,finger,hand,d8z5s17mmtoyhw,ouvsed_,alex,spieler,9pbhtigoqrff5g55biuxza,fritz,ausgestreckten,sophie,liebe,chopsticks,sewastopol,j6cc81v1q91mzehwnboy5w,krieg,leben,spiel,owrgutsaiyrcwywxi5ljxw,fingern,hib4mkmha
49,wolken,fliegen,weil,traum,freiheit,alex,himmel,frei,vielleicht,fühlst,dunklen,traumdeutung,leichtigkeit,hans,ihr,pustet,gemeinsam,luft,dbw,ikomz8py4jqar0nlua
50,finger,hand,toyjkkrseb23c2wjftitig,alex,natur,fingern,ausgeschieden,zwei,regeln,fingerspiel,spiel,fahrradrabauken,heilkraft,hans,kinderspiel,antippt,tippt,antippen,video,nacheinander
51,hand,finger,alex,fingern,chopstick,gebräuchlicher,kinderspiel,zwei,liebe,game,projekt,spiel,tobias,altes,antippt,ausgeschieden,x_rqcitpn2kfv2ugdxw,ausscheidet,tm,händen
52,theorien,7bpyhv7nhelkgqtprovdqg,kghh83qc2gzwoie6lo4nqg,studium,anne,frank,uni,hinterfragen,ga3j5rhnocya9pvahetdsg,code2z8uvjx9luhqga0x0g,ja,zeit,sophie,lebensmittel,danke,immer,lehrer,_1gu1v8dy67dmgiok1ar4w,unwertvolles,homöopathie
53,gjsdbt9vnkknkr6i,q_8ua,rqxie4a65cwhlpnpwpusjq,sophie,ajncojease9nxyz8yeacza,poc,ja,scholl,rose,voqlgvzuruyx5vw,uyad_r,mcsczls48860si3sxg2bcg,widerstand,name,weiße,menschen,frauen,projekt,liebe,wprnot0uqpx0b6kuwnqkoq
54,siebdruck,e6zudbb3crgrn_14hctw,schablone,papier,schreibmaschine,tngayjyb5rby6dupfwia,sieb,kopieren,gedruckt,farbe,36lwgoixbjxliw,kvhb5pa,6aie06gqtuardsqtfwossw,aufwand,kopierer,hihi,spiegelverkehrt,flugblätter,drucker,anne
55,maus,fiktion,sophie,traum,mäuse,ja,assoziationen,lcklukni8undnkeqqwacsa,mal,schon,spiegelman,träume,zeichnung,vgwtwb0q_04a,hib4mkmha,frage,liebe,assoziation,ghxuajejxq3ikb53a,alctt4iemqnjzjetjcw
56,ob7rnyz_kfqwkkosbh28ja,i6eys2fg9uwtcoxv7mpuqg,zpuwcu6yhq9iz6tkanmo,muth,pvqmmbivi1ejzxgnveyk,professor,vorig,wprnot0uqpx0b6kuwnqkoq,lehrer,bekanntschaft,reitschuster,zensur,gut,sophie,zensiert,professoren,schnallst,k_tncccggvf2lftshnsphw,rechtschreibreform,menschen
57,xcyvxukr9xsu6kky1gqt7q,afd,zxafeg1_hfs9u2vg,uun,sophie,finde,projekt,rww9gejbzaumevaqj6ihiq,anpassungsmöglichkeiten,einordnung,querverbindungen,partei,5ki3q_lyyrobqlqkiya,2f,en,ja,bereichernd,leben,demokratische,sand
58,gjj3ib1vf1s3edzjn3ddvq,zeitung,frankfurter,juden,nachrichten,zeitungen,sender,5oqxi,cgwru9spmbyi4qq,dürfen,hib4mkmha,vgwtwb0q_04a,menschen,mundtot,i6eys2fg9uwtcoxv7mpuqg,ns,vergleichen,ttqkxmx43ly1drjv7du5za,meinung,propaganda
59,i6eys2fg9uwtcoxv7mpuqg,briefe,liebe,mama,sophie,noo_lnbb90lq,cwofny3eq,vermisst,brief,briefen,ganz,paare,immer,menschen,danke,stolz,front,sicher,xrbkwv4mzwvaykadq4gmlg,gerührt
60,fahrrad,rad,egoistisch,uvwwumh8ik8f8dvrd3vs9q,sophie,fahrräder,cijar34eg42g3,jmeon5aq,foto,nein,ja,menschen,liebe,mehr,eigene,zack,g9k,onxw,ciggfec8zuqdjhf4nzce_w,fahrradreifen
61,sintenis,renée,trutz,künstlerin,rückhalt,goethe,familie,gewalten,biographie,rufet,kontakt,erwarb,götter,erschienene,reichskulturkammer,kiel,anfeindungen,internationaler,familienmotto,hanna
62,sieger,krieg,gewinner,menschen,gabi,abzuschaffen,flugblätter,wgxvvpjdk9g2lcwzbag2bq,hoffnung,zmljneczji_pg,lwvns_wy,flugblättern,verloren,galgenhumor,verlieren,immer,sophie,menschlichen,viele,ravensbrück
63,harmonie,chopin,musik,nocturne,i7u51pj1nizolthrw2femg,zitat,ton,klavierstück,rhpx2wdht40lenf0s1qs3a,op,synthesizer,pcumki5qlaq,rg5dd_pmq6udlh01fmow,k_sbzc4kdk,komposition,komponist,lorne,emanuel,balfe,frédéric
64,reichsarbeitsdienst,bundesarchiv,lehrer,zeichnungen,lehrerin,geglaubt,rad,tsjrd8sztqg2nofn_f5sgw,suchergebnisse,englischlehrerin,pc,suchbegriff,umfangreich,else,erkannte,ausgelöst,natur,solche,ja,schulzeit
65,le6ihuhsfngfu0xjjuhwgw,ngl,großartigen,sophie,unpassend,zusammengefasst,schaffst,plattform,zeit,verzerrendes,6kmsfjlx3yrfoxy,künsten,diff,kraftgeben,rvodg5w0nevbkhplofebqg,hiegler,wahrhaftigen,sicherheitsapparat,vcja6hp5ukcvk5xxhmtbbg,trolling
66,käfer,kartoffelkäfer,i6eys2fg9uwtcoxv7mpuqg,sammeln,flklnpzfywt2uzeig_vidw,kartoffeln,erzählt,pfalz,danke,oma,käfern,einsammeln,büffelklette,eug5g,y3kstifg0ci0y8gy,immer,kartoffel,acker,abgeworfen,ernte
67,köln,irma,dom,ja,krieg,sophie,du39i59mqkku0dfcxtdefa,bombenangriff,zwangsarbeiter,fiktive,uatlwgojlstrywojiqm56w,kölner,bilder,angriff,wlvm2,jug_ik8cl9tdas8w,menschen,geschichte,zeit,scholl
68,gwmlt46tpq,81vfpzsn6l_,köln,jfgjhq3bb2uc6ccxrxqctq,urgroßmutter,ljukut5g_cdtexlugqgfla,urgroßvater,wurde,sophie,ja,kz,obersalzberg,familie,menschen,dom,irma,krieg,danke,zwangsarbeiter,subjektiver
69,krieg,stell,ego,wäre,vorstellung,genug,frieden,feinde,dann,menschen,niemand,wufti0gszdedd6la5hm9kq,einfach,befehle,leider,schafe,geht,muster,müßte,kriege
70,irma,ywi1bmohljc0llnvhbmkog,opportun,y7knqq6povezi_ldwllg9q,siebzigern,maschiert,gleichschritt,hitlergruss,rüstungsdienst,funktion,ausgerichtet,sophie,alten,köln,mitmachen,interessanter,größere,beine,männern,brimer
71,tagebuch,schreibe,schmerzen,gefühle,schmerz,leere,führe,ja,seit,dzcridibrrchj3_6eq2lka,gedanken,klammere,angefangen,beten,anzufangen,ich,schreiben,fühlen,manchmal,anreden
72,paula,modersohn,kunst,realitätsbezug,becker,rdu1qzxavcyamnrf8gz0tq,bremen,werke,entartet,künstlerin,bilder,worpswede,museum,zpcuodafjzt_8zbpq0nqfa,vermeintlich,künstler,vogeler,paulas,beckers,museen
73,musik,schafe,schlafen,hilft,meditation,requiem,ich,lesen,schlafe,höre,gedanken,hören,lacrimosa,nächten,bett,handy,einschlafen,mozart,lese,zeichnen
74,lavendelfelder,lbxioucfp0nxbpprjuwxyw,jsk1k58vocrhppsekmvtqq,reichsfluchtsteuer,flucht,träume,xvyd318q,wwzvo9ligxsud,reckzeh,kdsbv20oqt4lrczkzjz8_a,bundesadler,i6eys2fg9uwtcoxv7mpuqg,schweiz,sophie,lisa,endlösung,geschichte,troll,juden,auswanderung
75,q8v0ijkdrjeo2qbatpsxla,luckhaus,ob7rnyz_kfqwkkosbh28ja,huber,kurt,hubers,vergleichen,ag0ioaxktosbqzp2wg1pog,zensur,position,parallelen,konten,hinblick,vergleich,prof,opfern,diktatur,ns,ddr,wissenschaftlichen
76,schlimmste,du,zusammenfassung,8372,abzuschicken,wyldes,genoziden,engeldanke,rückprojektion,srebrenica,kriegsrausch,abgrundtiefste,sadismus,irm24zvz6m_zhlfia1_5w,gedemütigt,mensch,muslimische,volksgruppe,belegtes,säuglinge
77,nsod2ovks8cxxxano,htsw,pvsyvoxwd00wh162bz9pig,gesund,3fliwq5zliiikyxr5p4nxa,sophie,liebe,semester,5w464wk,lgvoeofsqjl5bw,verbindung,wahre,freundschaft,fun,fact,zueinander,bete,ändern,bleibt,zeit
78,röstaromen,bratkartoffeln,lecker,speck,seligen,kokelkartoffeln,gewürz,lebensmittel,rationiert,kartoffeln,essen,flugzeuge,hunger,dunkel,cjteti028top,angekokelt,kvg8612ekpoz,0_j2mw,lfi4avoc_4moknu,obpfnx0fq
79,familie,bmkpiyiq,dvy9eji60w9gvamir5ydyw,yept2lc__t3yc,g3_vuu16imgn_keubethtg,6cz779igbh5dux9sl5x0ya,unbeschwertesten,kzq5ajlrtroubhkw,l4eog,weimar,parallel,abgedreht,4xx1dircb27xay9d6mtqha,gepostet,fritz,fühlen,schauspieler,privat,wichtigste,hib4mkmha
80,es3bzcvsgoizqumono7ntg,verletzten,hans,m37shmrcg4kdijis2nvekw,5mykbvf3rqyuywxogfay8w,irma,soldat,versorgung,furchtbar,krieg,aktiv,soldaten,traumatisierend,kriegsgebiet,bjniox7ynpgfelqjltyy8a,schlimm,lösung,3ydiocqvpkqd,fei8r5q,1korenrqr8f1jktjzilwrq
81,hans,eaiducsi3xwayuiuoouu0g,z6f9wzc7jeyx,hcxukshrw,sophie,irma,alex,flugblätter,sscowitydwmgfbgkwpctea,tcjbjrppqzd4fj1m3vbedg,sanitätsdienst,ostfront,seid,eigentlich,homo,eingezogen,vorwürfe,texten,medizinstudenten,wurde
82,musik,beethovens,beethoven,sinfonie,freude,götterfunken,imghomyrw,6owb5_vsx2zl,ode,beruhigt,zeitlos,berührt,freiheitskämpfer,sophie,klassische,herz,dein,anfang,sowohl,brüder
83,fr3l1g,feldpostnummer,nicdsmspfhbxxdi,geheimnisse,feldpostbriefe,liebe,herzegowina,bosnien,beziehung,lehrreich,gelang,immer,fritz,wiederkehrenden,aufleuchtet,empfängers,schlusswenn,anrichtetich,unterschätz,schtlreibe
84,geruch,gerüche,duft,erinnerungen,geruchssinn,düfte,verbinde,riecht,wallenstein,hähnchen,quarkspitzen,lagerfeuergeruch,vpsey72njkw4p1tfrvghoq,rieche,hustensaft,oma,faszinierend,unser,immer,frisch
85,angst,lösungen,hilft,lenke,versuche,spreche,gott,lähmt,bewältigen,lähmen,liebe,4auyqqm7ldociytqt7kjzw,beten,jemandem,natur,ängste,flüsterte,drache,betäubt,anzunehmen
86,versetzt,trauer,semserferien,1dvdanke,helden,weltkriege,hilfst,tragen,fühle,entsetzen,75,spitze,seelen,rückblick,liebevoll,tapferen,gerissen,tippfehler,gedrückt,lieben
87,papier,kjmjssblfgxydnx_gbzvda,gpm8zdu7zikmtt5pqli_pw,schaffst,aldi,mäppchen,drücke,sophie,holz,daumen,echtzeit,liebe,qsl_cxnrafzf5ag,mesmerin,datum,ey1cpvlupg_kxwgdgjkwkw,sl0,grüße,vgwtwb0q_04a,hib4mkmha
88,briefmarken,dna,kjkbajkntqsrgbagnfjwxg,vlmom9im7ub__eczws1,sw,flugblätter,vorsichtig,ja,innen,e8bbp9chy3ofdimvfjaipa,schon,papier,seid,fhpk6cmi5htbtu0hww1ekg,originale,drücke,tmvdstcqwiyccoryadtieq,sophie,umschläge,gut
89,dostojewski,berdjajew,bolschewistischen,pzsqxjevxjhco6wcwqo05g,142,blogeinträge,abschiedsschmerzen,hilft,bücher,freiheit,irren,ausführungen,hib4mkmha,vgwtwb0q_04a,hashtag,werke,hans,befürchte,zählt,rose
90,haecker,theodor,teil38bwgenzvp0asgnc6w,helmutsdotter,haeckers,verbindung,carl,verstecken,hinrich,ideengeschichtlichen,abhielt,vertrauter,erfrischend,dankehaecker,gv46qnw,dm1msz1ziau,detlef,siefken,knabs,eingehend
91,7oalrz7bc1uuko46tw1ghg,sophie,projekt,reels,zeit,abgeschnitten,7bpyhv7nhelkgqtprovdqg,treblinka,danke,sx1ppww3cxxrmgip9f4i1g,fehlerteufel,unten,boysen,schulze,iefi2kfafjgalredyuvbqq,iavupuxw5wk7ehpmltpwrg,dannheisser,du,dank,toll
92,projekt,foto,abschied,me4embmflxvyjy0nt6k2aw,geschichte,frankreich,hans,brüder,danke,macht,augen,weinen,sophie,obwohl,schmerzhaft,tolles,nie,beschützen,familienmitglieder,berührt
93,abschied,bctxkzsfw0falnubcytwlq,38m2mbp84khd2vfvtp17uw,abschiede,ja,hans,alex,traute,5otkrrxxmgg2af4p49j6tg,verabschieden,unteroffizier,außenseiterin,gefühl,passt,wiedersehen,getrennt,zeit,verstehen,menschen,weiß
94,qxspzgdhz46jmbwjodstqg,zaun,arisierungsstelle,barackenlager,feldwebel,ostbahnhof,muenchen,foto,antifa,aenuyml0,6vwxs3gyw,c3d,reichsarbeitsgebäude,nw3ywjcpam9wxxzh_upzxg,taubes,50,14,deportation,deportierten,lea
95,koffer,rollen,falten,packe,kondo,tipp,knittert,dqv0hxn6ozso7ypkpvpsfq,nw5hm6ph9d3,w4wa,wggnagrxfa,jpwus_qedwk6jlfun,super,dvd,wichtigkeit,too59smbqolbzrd4es924q,c2kikd2ymznsmzyn5ylupg,ausprobiert,marie,handlungen
96,puvzh7r37qzupqalhbugsg,willi,graf,cvhqin5foq7x,mqhgk_bma,rose,projekt,name,reise,aktiven,vorgestellt,liebe,vorbei,melancholische,81njnoikm4rovefksgkqng,endeti,gestrafft,unaufmerksam,staffelrückblick,teamsofferist
97,t5lyyipbzonxhgtiwd48pw,kaffee,tanke,gq56qbofhsrgeae5j3pu3g,zichorienkaffee,eicheln,unbeschwertesten,rdu1qzxavcyamnrf8gz0tq,getränk,sophie,familie,ersatz,ulm,bezeichnet,hättest,name,genieß,traum,zeit,239f
98,ddr,yrchfhwhvsds8z8bjuicsw,egft1vshkiq1jykqdgjuyg,jugend,bündischen,feind,lcklukni8undnkeqqwacsa,ja,jugendbünde,yp2uils4ht7nutefdujs4w,pfadfinder,bürger,zeit,bündische,ns,vergleichen,trauen,nachbar,schwurbler,uweqawka18igepdnizhmpw
99,christoph,probst,7vos7wdawq9hlby1xngxxq,mbb4djcmilfmzvzxpro3xa,michael,ja,6oixht43b10doqpnvrfs9g,falsch,kinder,_thnzpbupdextj8ora7zew,widerstand,rose,herta,familie,entscheidung,katharina,entscheiden,phzf68yhoofgikplfuv6zg,gefahr,richtig
100,flädlesuppe,rezept,mutter,pfannkuchen,lecker,mzarj4nrkzrzdxr_iqhag,liebe,oma,immer,brühe,streifen,schneiden,essen,al4mkphz3xdowfcq,6m5up,flädle,diakonissen,milch,kennengelernt,_0pnwfucq44iygdx_ycg
101,gott,liebt,verstehe,zeichen,glauben,igwzxo9hcj5b8d8dgiwqqa,gottes,gebet,geliebt,the,to,menschen,erlöst,spüren,ich,gebete,jesus,zulässt,liebe,gut
102,mthyuxuyzqli83nugnwwjq,fliehen,legalem,vater,flucht,ja,angst,ruhig,staaten,deutschland,asylrecht,menschen,land,familie,visum,viele,mbkyyevv7hijgtqjczwq2g,wäre,situation,schon
103,pan,spatzen,zeichnungen,zeichnen,peter,skizzen,künstlerin,sophie,nachlass,probierte,sha6kmjhmvjcql2bjkn_ug,theaterstücke,tiermotive,auftragsarbeiten,scherenschnitte,skizzenbuch,0x0vggbjjpap2spusnkj9w,werke,schlangen,institut
104,pimpf,schwester,schwestern,inge,175,instrumental,andenken,eltern,kind,hinterbliebenen,immer,homosexualität,strangelove,ubynrjm0kgq1slpj,zqda,nervt,große,kleine,mütterlich,7bpyhv7nhelkgqtprovdqg
105,quatsch,liebe,sentimentaler,gefühlsamen,menschenkontankt,intimären,albernde,verhälst,verbindlichkeit,genieße,sophie,sehnsucht,auszusuchen,vermisst,nennt,kerze,liebst,same,auszutauschen,das
106,kehrwoche,reinigung,geschwister,musik,sonderbar,geschwisterliebe,schwester,vermieter,tanzt,schwaben,qzonea6oml2mkvxpbzv23q,zugezogene,streiten,inge,erlaubt,gibt,pack,nervig,hib4mkmha,vgwtwb0q_04a
107,version,vergleiche,imma,_cy1fq,q_zdibzfcofgner,kehrwoch,julzn94,qzidfbqrjjixmaf,8kaft9nxdfqh61_osoi_wg,tabalugadie,muffigkennt,hahs,rmalcw,negacionistas,feminazis,selbstgebauten,altdeutsch,geschmacklich,flädlesupp,unterlasst
108,englisch,that,the,to,and,you,it,thank,very,zeyblender,ikarcz2urmrghszt5mnf7a,nickname,english,soffer,with,we,of,re,but,is
109,ja,sternweiler,lstcxbnrot85wvi7wu6p3q,ansg5ilxo1k8jxfvryhyyq,max,sophie,lfyzy6hbtv2wjkdmqvigya,arisiert,narration,emigrieren,sabotage,ur,verkauf,enteignet,hib4mkmha,vgwtwb0q_04a,rauch,panzer,wurde,zzfxp0gmhyx4ash5o9qe8q
110,karte,lgzbahr7y_ehdabxmulpgg,gruppen,kommunistische,sozialistische,studierendenschaft,ja,842,uboat,gebietsbezeichnungen,müllers,1892,bootkommandant,commanders,ehingen,ortsgruppenleiter,professor,eliten,bekundet,gemeinwohl
111,selbstporträt,otl,fritz,ljjyayb2enujmcspie4zug,inge,aicher,spatzen,talent,eevvmerepu9mwyxmwnd,otls,qq,stimmung,geheiratet,berufssoldat,7jxzvumkki2btejh1m__wa,lhqiykbla_ymcl3kgsddlw,sophie,ja,gestaltung,8gjeq
112,aa4nomjnlyedlgj_butmqg,dei7j3unhc8v0oerufqgq,nachbarn,vergleiche,corona,menschen,petzen,vgwtwb0q_04a,hib4mkmha,ddr,ja,immer,denunziant,lump,denunzieren,macht,zeit,verrat,4csa9pp7rljgowczljnawg,lqqcmyavvm
113,vater,erziehungsratgeber,starker,sophie,sprüche,prägenstarkes,0a0dgctvnoe4yqvzetncfw,papa,4vc7_zcrzc0w_sk7ijb,dein,reichsarbeitsdienst,stillstand,7bxspxqhotlhljy3iep92g,krauchenwies,ausdruck,rudolf,klassischen,vaters,eltern,bild
114,vater,scholl,ljv,uejwyxhj45sjuc92cw,robert,radierung,hans,ja,eltern,wandel,hj,sophie,geduld,nlepbnfi3ymctnnuwartyg,fahne,bdm,wurde,inge,münchner,entwicklung
115,ceg0o4hyexaaghwyzas,oa,diktatur,uzo4buvltpjxswa5iqvxeg,vergleiche,corona,eindämmung,gefängnis,mehr,parallelen,hast,qefhecpfxkk9mtssrtljuq,verhängt,wegen,maßnahmen,untergau,gesetz,ja,robert,panik
116,woche,satzes,einzigen,cgy,mudda,wju,ichbinsophieschollunglaublich,ausgerastet,kzuw,jrcqwvonlgf1xaroqcs18q,juthx8oum,wiederholbar,schwäbeln,genitiv,kanndanke,uhdvhypzebkb40fdh0eo3g,kannste,grauenhafte,wegen,gross
117,erntedankfest,the,sophie,ja,english,german,more,flugblättern,people,fritz,with,of,vgwtwb0q_04a,hib4mkmha,vater,would,schon,kartoffelerntefest,einlagern,wbi24txukihcqznifzmbfq
118,kartoffeln,erntedankfest,muckefuck,bückeberg,sc06aikthfhdqsu8o8kthg,x1oijyab_wq4wutpqmuzvq,oma,entstanden,wurde,kaffee,butter,y6xaa,moqhqpfnzqcdhqsuow8d9a,rp1ktjwbqt5quce0,lkv0ydwipuderde0kj6y9a,kartoffelfeuer,reinlegen,bauerntum,8gdig6_um_8truateeg1bw,erntedankfeste
119,2xgx4wf0nrgx4y8ymnukpg,enteignungen,palästinenser,juden,gq_dkm4gnrw,1twvjvu,hc,h7kmzutymvssnfvg4fw_aw,rekthdpet4u1_opx1g_jtq,israel,kfxymbwzq1lts4mkmb3wqq,munitionsfabrik,enteignung,massnahmen,arbeiten,innen,l3hac8f6twqbwkbe2th3fg,dhimmi,nichtarbeit,kerngesunde
120,hose,hosen,marlene,tragen,k14jxvqfzoma5iqjjjwnbw,anziehen,fall,ja,kleidung,sieht,5dbehmzqrf1apzmzi746cg,dietrich,kleider,toll,kleid,auf,röcke,gut,mode,frauen
121,traute,lebt,102,qtebpf3f_s8juil_fdu0ja,bfjcz8dumxl5rwekbybyma,jessica,miller,lee,m8iu65gcdvwh8tierws9ng,l2raayqdahtzgkvbll,wunderschön,auen5ib71aqn3f0oftlsua,lzg,lafrenz,wissenschaftl,rauchen,kleidungsstil,weekly,alt,the
122,inge,geburtstag,uralt,glückwunsch,birthday,gute,alles,happy,okp6hrbovg,jbo0iooq28_,uaru2w2jhsauama3rnhe_a,herzlichen,25,liebe,ww3hlszyvn0dstglr_1xhw,y9keiq8uv0nttivgmhjw2w,vergammelt,patentante,heißt,geschwisterliebe
123,geburtstag,kuchen,glückwunsch,feiern,mama,birthday,geburtstagen,bmyhzhdjbv6bnuwxfiet3w,immer,tradition,geburtstagskind,essen,inge,happy,academy,frühstück,dance,mitternacht,kerzen,tag
124,romantik,fritz,sophie,briefe,krieg,teamsoffer,e5ew9e8jx3y6bqvr5i04la,lob,knp77,p1txdko9eot61yaq,liebe,auen5ib71aqn3f0oftlsua,hoffnung,gefühle,woroschilowgrad,spital,löwenherz,lwiw,rd0gha,ceqdemdtsbv1m
125,male,malen,clique,vorfreude,entfernung,versuche,sophie,positive,gegenwart,gedanken,oliver,tah,schweife,seelenfrieden,meiddas,unabsehbarer,bezig,festhaltens,fotos,brocken
126,ulm,aachen,heimat,hirschstraße,anker,immer,aufnahmen,münster,gewohnt,einstein,zuhause,video,stadt,albert,gedenkdings,h8kujci2,aachener,fischerviertel,olgastraße,qfwcqtkom6sfw
127,bluse,musik,vorsichtig,jazz,hirzels,hirzel,the,sophie,hansi,kir62n53b83w,gep5gwldg,uuy9hrp9d3atzxvsvbkjq,bg4yk6w2_e0ny7ebice1mq,sei,swing,rep,9tjaj59g0l6kvpysbdeogq,susanne,ausstellung,ja
128,and,uorqq77g6mrntuhksdfqkg,it,with,translated,time,one,do,the,school,learn,subtitles,you,english,on,have,that,instead,french,aufmachten
129,verbündete,pqxz0lp3pydbxu8mntzwpa,bk,antijudaismus,hirzel,pfarrer,hirzels,ja,yabqu9ho0lhjgl4cnwi26w,urhebern,bekennenden,zankel,antisemiten,kirche,sophie,antisemit,hans,english,benz,antisemitismus
130,hilft,einschlafen,atemübungen,psalmen,milch,ausatmen,tipps,psalm,beten,schlaf,einatmen,bett,honig,muskelentspannung,tfdocrmtvzlawwbqfxwfvq,kopf,schlafen,gut,lavendelöl,kopfkissen
131,zähne,träume,traum,mittagsschlaf,aufgewacht,fallen,riesenrad,fallträume,kiefer,ptl62oa6nfpw0paenbtzqq,izyf2xrju0qjosuoegduyw,unterbewusstsein,vielleicht,sophie,immer,entspannen,aufgehört,mal,zeichnung,jahrelang
132,pan,peter,nimmerland,kind,kabul,frrujkzctnkiu21pcsyyyg,hook,kindes,ja,wendy,immer,augenhöhe,kindern,assoziationen,kinder,erwachsen,kinderaugen,ofbamsrhf,xan3m5etid4yeloni0ei,rqgdw7c910cq
133,limgquvsbzuc1j5k5druhg,natur,klimawandel,intakt,hoffen,zeit,vorbei,weitergeht,tauschen,umwelt,ausblendet,frankl,normal,irgendwann,wald,vorwerfen,kraft,tanken,bevölkerungsgruppen,gemeint
134,7iwybiskzdckdc4fdme0pq,milbertshofen,arisierungsstelle,ayfrzlxufi66dwqpedetga,blockleiter,barackenlager,nachbarn,lagers,zeit,grundrechten,laim,smartphones,blockwart,nsdap,leutenberg,ghettoisierung,ciso62ud_5dvh,knorrstraße,pastsieren,hoheitsträger
135,straßenbahn,donau,auszeit,ulm,bildbeschreibung,herdbrücke,vgjrq,okv9ivudzvyvz9p7,ulmer,kraft,leidest,münster,aufnahme,neu,weiterzumachen,winkel,entlang,tanken,een,brücke
136,0kefd,rk5d8o5q4blfyckq,slmvz1wg,jw9wmpqw,whlr1nvruialgqx15kawsq,gha,krieg,kündigung,pusvqfok4ob5,17k9r3anw,juden,41,sophie,menschen,satzes,helden,ja,wurde,scholl,reinen
137,rnbkutds9w1a0we0uxqvya,le,zensur,polémique,et,netiquette,la,fhuqvd7t2efczj1_365vlw,kommentare,vergleich,dialogue,monde,verstoßen,de,gelöscht,vergleiche,zugehörige,vorsichtig,est,les
138,dietrich,bügeln,robert,scholl,3asy,p3asy,putzen,putze,sorgen,inge,einwohner,abzubauen,leutkirch,hilft,stress,jüdischen,j73hyfzen1cubwdvddktiq,öhringen,ausgesagt,kreisleiter
139,xhtkxhbtp5gpapd6_cbnfw,abgeholt,wagon,hamburg,resigniert,lungenentzündung,mut,abging,eisenbahn,merkte,verblendet,worden,aufzeigen,gefragt,ungerecht,fuß,wovon,frankfurt,bauernhof,1920
140,tg2az,hopkiioepl5kvvla,internet,social,media,rußland,russische,hirzel,hinrichtungwarum,sehbehinderung,sprachapps,frontbei,absurdesten,armwut,ghetto,verdammung,inaktivität,schriftwechsel,garant,ausweglosigkeit
141,beileid,krieg,leid,tut,sinnlos,ernst,mein,immer,heldentod,oma,herzliches,opa,sophie,ostfront,wadxj,htz35h,vv1hdo1xw,bruder,tod,großvater
142,deutschkron,juden,sophie,fritz,23,kubanische,geschäfte,the,krieg,geschäften,unrecht,november,hib4mkmha,vgwtwb0q_04a,jüdischen,bürgen,teyrnepiedzjtxxz6n1eog,einwanderungspolitik,witebsk,uhrgroßvater
143,widerstand,_sgd9zuer271u8vruvpaqa,menschliches,patronen,ns,handeln,sophie,ja,1ohu3q1_6tq3q,axlpv43i,rose,schaffst,widerständig,kraft,unterdrückt,rtkdrcghdiu1dx2zomgzlw,benz,innen,definition,verweigerung
144,zwangsarbeiter,friedrich,russisch,masken,zwangsarbeit,zwangsarbeiterinnen,entschädigung,qcahirh,chemikalien,xrb3mcg,jbmosp,charakter,sophie,innen,ostarbeiter,staub,fabrik,russinnen,russin,menschenbild
145,7bpyhv7nhelkgqtprovdqg,wq_mozq2qzyo0n3gtcirva,sophie,vorstellung,scholl,fritz,krieg,zlyap8obgaofjdaxxoxgnq,front,wochenschau,schön,bearbeiten,text,wissen,unreflektiert,robert,ja,alltag,abgelegen,f22kr8tyoyymujuif94rbg
146,eqwumdoxfadzvxafgf2vyg,macht,munition,sabotiert,sabotieren,menschen,krieg,möchte,leider,militär,verantwortung,umzugehen,gib,sophie,produktion,vorsichtig,oben,brauaqg93nv36jbf8aaqaw,entscheidungen,phcl3suz7r1wri6_ndqrug
147,gzvbr5svla,urvqkbpu6rw,2h,xaejklnqjlbqc4gj,gq,qqb3nw09kc6t0gyvv2620a,stalingrad,vqtqabyx26prpkxfe,1woq,8ir3r6ixznmgh9h6fog4zw,makaber,wendepunkt,yfznivui9h5pgoicpudg,opa,xheiz6kxspvhx3spodjfhg,qyztxa70qpgstpm7avoela,unbewaffnete,s65fpjcaclf_pzmleaziqa,gefangenschaft,armee
148,garten,gw,emmursu0m9anft5wnhv,inge,einkaufszettel,schreibschrift,pnslzvwuey2fyvo3bmkrxw,aa11kh8clnrgjn_kflit3w,2l1miktl7suck9yhagg,fleisch,ja,bevölkerung,zuteilungen,wa,blh8rplmmehukhdhbws49g,j73hyfzen1cubwdvddktiq,zettel,hühner,kaffeeersatz,markt
149,zimucn2yw0ormbvyskd0ca,eintopf,tomaten,speck,sexismus,tofu,räuchertofu,mqtb59row2iumfvf4ny5va,vi4lun5nn2fvto8tpvak9a,zschäpe,yrwbjjcjfqdkgtvlhepa1q,sojabohnen,z5eei8inygq3gi3uxvjwbw,trocknen,getrocknete,gendergrammatik,z3ev_ng2jtskdjlesooxta,gendern,bokdva1con47ab8ysqvg2g,fleisch
150,kartoffeln,eintopf,zutaten,kümmel,suppe,kohl,schmeckt,wasser,j73hyfzen1cubwdvddktiq,pralinen,zucker,gemüse,kochen,wurde,menschen,rezepte,l8dusn9y2ygjynhayvulaa,nj6jgru5v8g,widerstandsschrift,navullylyw02xybjj_dqmg
151,würstchen,friedrich,b4ulpovzv3xqnx3lg,unterbuttert,26e8,polieren,unbedacht,seins,ego,diktator,abwertend,liebe,behinderung,vermeintlichen,derjenige,glauben,landes,schwach,findet,3v08ic4qdhg8knx5wg
152,fadfmjgptorevzy3mq,vcc,ernst,sehbehinderte,freund,sad,it,wer,familie,haben,mysfuafdwxrntskqpv7mtg,jail,todesich,familiewer,bezeichneteure,programme,pjcyp5xt,cringespeechless,w8qhvy69lhg,qbo3b1_7vfugvzcgq30mva
153,neid,otl,neidisch,gefühl,gönne,wills,1zuiqapc6wqncmm68othaw,kenne,eingezogen,gut,ja,gönnen,gefühle,pd13n9lwojftemwk8crxmw,teppichböden,neidete,_xlmxutndwxyrdiqll2oeq,möchte,glück,sehnsucht
154,otl,momente,aicher,anzusehen,beiden,zusammen,dargestellter,xdyj93hcaywa,starren,7vdxloyy3,refe,schönwie,kept,dancing,before,krieg,z9ktz3omv_ldb_fwwhinew,adi,altersunterschied,krisenzeiten
155,russen,russland,jlgys1kamviefkbcsreofa,fur_cl4yk9fsgar_bsfc5w,kriegsgefangenen,illustrationen,jhvgnulsqn0s2paqkf2w,vgwtwb0q_04a,hib4mkmha,teamsoffer,zigarette,russischen,scholl,schokolade,krieg,wehrmacht,oyq4nqclkxt4qpiennruba,pietätlosigkeit,ja,geschichte
156,petersburg,st,leningrad,würdet,moskau,xoqzhneleunie_u0a82vew,taztzvqylku28q,2xvnn61,russland,lenin,kulturen,gegendert,hieß,krieg,reise,ja,geboren,verstehen,sicher,reisen
157,stoff,fritz,sophie,soldaten,nähen,russland,hartnagel,ybr3u392l1pqlq63dyanzg,frankreich,kleid,ja,scholl,j73hyfzen1cubwdvddktiq,russ,bevölkerung,k2x,a5ck9oc62eg,gmmwlz,bode,front
158,kleid,tracht,nähen,trachten,wunderschön,_irehf6rnjhfowdwuxq1pa,y5_mna37rdmgyotbkovtza,sophie,stoff,muster,dialekt,das,schön,steht,pakete,süddeutsch,schönes,gnfoj0b6u0,1810,j8ajwh3s2bq
159,spruch,otl,katholik,meiner,aicher,lebensmotto,you,überzeugter,the,luutekjd8q2rgk662feb6q,gut,to,immer,begleitet,ja,aspera,füg,astra,firmung,never
160,q8v0ijkdrjeo2qbatpsxla,attest,ilovmxfsufxucutx3varsw,maske,arzt,tragen,unfrei,ja,freiheit,ausstellen,_irokcebw4,atteste,2o5rd0susyw,probleme,gesundheitlichen,masken,lied,lächerlich,dreck,opferrolle
161,uz5iv1gkkvbosbitldvyla,leutenberg,musik,theveryprettycaterpillar,vorbeerdigung,jazz,unheilbar,swing,fritz,kritikerinnen,nfosoeee9gac4w5wk,aamore,wohnblocks,empfehlenswerte,u5epinnlflcwll9wnbb3gw,vlxzlpfq_ujf0v6bqe3lyg,unheimliche,npwpsnwxdndhsar1yae9nq,1a6w,luci
162,inge,sophie,otl,eifersucht,lnge,zw,35klzq4uffg9i5b_gxj9rq,inges,aufzeichnungen,ja,enge,mutter,leutenberg,lautenberg,mhp6adyqoefltvzkp8hr,lebensentwurf,misstrauen,zeit,liebe,angst
163,darlehen,elisabeth,kind,mark,scholl,familie,wurde,heiratete,hib4mkmha,vgwtwb0q_04a,norm,sophie,überlebten,verstarb,mutterkreuz,geschwister,zeit,widmete,wurden,werner
164,fiktion,villa,muth,sophie,münchens,geschichte,cs_ueabslwqzmfh4drfp0w,angriff,ja,wurde,stadtchronik,einzelheiten,bombardierung,begebenheiten,kommentar,bombardierungen,09,fiktionalisiert,angriffen,1942
165,qaiqgxsedeuneg9sqboaca,deutschen,z0ap4ksoekvjrfngikfang,sophie,bilder,leid,russland,bevölkerung,ja,j73hyfzen1cubwdvddktiq,krieg,t_frgiifc_m1l7r5jbme_w,london,angriff,wehrmacht,irma,scholl,wurde,köln,luftkrieg
166,7b0mgawjfcfmao0qor7hig,sirenen,oj0hvtub,cl_kbdiexnq1g,sirene,keller,mutter,oma,dach,meine,erzählt,luftschutz,luft,bombe,flugzeug,heute,traumata,luftangriffen,großtante,gänsehaut
167,j6w,mkaqtmde7zlfhsv0,3thsio8selx60elcshv05a,sozialismus,c6tns4sugreubsczxftwoq,pmydkgsvxrh_ixcezkgc6q,krieg,aichner,rkrlcmqur5p682geqkgg,fabrik,foto,usw,durchhalten,utopie,praktischen,ja,waffe,7bpyhv7nhelkgqtprovdqg,captions,100
168,inge,geschwister,schwestern,immer,schwester,elisabeth,sophie,geschwisterliebe,wtukctw,bomeuxauvk5fxk,streit,spannungen,fabrikdienst,xbyioplpdfaecsomfipu1w,arbeitete,ankommt,rkrlcmqur5p682geqkgg,familie,reibereien,cute
169,muth,ja,cnhapehd8r43plyimzae9g,cyfdlnftygmup,1bdosaqq,russisch,namensliste,schlüssel,_thnzpbupdextj8ora7zew,liste,sophie,kettensäge,drushba,bücher,fiktiv,sätze,aenuyml0,6vwxs3gyw,c3d,h7kmzutymvssnfvg4fw_aw
170,traum,fritz,brief,05,1940,albträume,träume,brücke,mhqkgi9vs9jgzqg5ealgzq,krieg,maßstäbe,sophie,16,fantasie,trösten,alptraum,schrecklicher,liebe,18,wagen
171,ostarbeiter,zwangsarbeiter,850mnrs0mkqrsasenyd7hq,essen,zustecken,bezahlung,yi0lxm3ieofbpwuuicmjzg,arbeitskräfte,3e_zjdkibw_wyallp4ybtw,versprechungen,innen,deutschen,zwangsarbeit,behandlung,geringe,000,lohn,ja,verschleppt,1944
172,exstirpieren,unverbesserlich,errichte,verlorenes,falschheit,romantisierte,während,satire,vergiftet,129,pessimismus,skepsis,mauer,clever,briefen,notierte,aufenthalt,darstellte,einseitig,ost
173,postleitzahlen,robert,scholl,briefe,familie,ceesc727qfpvhddrjiy4rq,schreiben,papierknappheit,vater,brief,frankfurter,4ucuxxpgfnihv0og5sfr1a,okeetlagxkc5p_wm_1ibiw,378,verfrüht,wg,papier,zulässig,zusammengedrängte,endlos
174,bdm,hj,abitur,bokdva1con47ab8ysqvg2g,pfadfinder,kluft,werner,mitglied,pfadfindern,friedrich,xzzrrwku_rjp_zirfhd7tq,schulschwänzer,platzgasse,j0y0q_umwseu5uwzsp_qda,uniform,hitler,wurde,meine,dezs4jia9mruxdqukamp7a,oma
175,6jwvpuru_r_tx8lkasj90q,stunden,affe,gemeint,tätigkeit,bewusstsein,ja,dressierter,slawen,rassismus,affen,menschen,niemand,russ,rassistische,c3d,6vwxs3gyw,aenuyml0,ließe,sophie
176,zweig,stefan,buch,sternstunden,gelesen,schachnovelle,bücher,autor,lesen,toll,ja,seria,humanidade,atlantik,knpfqtc1gmcke4osozb7yq,großartiges,stuart,antoinette,empfehlung,gefallen
177,qqb3nw09kc6t0gyvv2620a,hirzel,hansi,reps,sabotage,l10ysag,kp8iyh_hv0zzfm,partei,spektrum,l8psgoqdub92po1uiwjuxq,rose,zuzuordnen,pqxz0lp3pydbxu8mntzwpa,defacto,aktionen,sophie,ja,cdu,verfassungsschutz,weißen
178,kartoffelsalat,kartoffeln,bratkartoffeln,pommes,essig,öl,mayo,mayonnaise,kartoffelpuffer,kartoffelgratin,kartoffelbrei,pellkartoffeln,sahne,brühe,zwiebeln,quark,salz,ofenkartoffeln,lecker,apfelmus
179,mukke,3rqnyhc3xudcggev9jiv6q,modernisierungen,haftbedingungen,liebs,ausgelassen,tanz,hübsch,tanzen,geil,freude,schön,sophie,fünf,scholl,bewährungszeit,048,restlicher,originalfilename,obvulihs
180,codes,jbldmbbf5noq,tlpfimk_apippwjscg,0yk,tudemunig,m_nkwb8hiiuh9ybqtqr,muth,pxmy193jsel_snac8eqwdw,cq,rollenspiel,drqwrhtue2,prägst,adressbuch,aaf1ckrvew,russisch,sophie,buch,schlaf,verklären,wörterbuch
181,mitläufer,lina,passive,mio,zeitung,friedrich,zurückgenommen,friedrichs,gewährt,erlaubnis,frankfurter,robert,charakter,scholl,378f,megaaaaa,funkensprühende,volksbewegung,besuchserlaubnis,enthusiastische
182,arm,füreinander,miteinander,zusammen,esst,guckte,reden,hilft,gelben,nimm,judenstern,ausgesondert,mutter,trinkt,fest,honigbrot,zeig,kummer,auschwitz,umarmung
183,h7kmzutymvssnfvg4fw_aw,neuigkeiten,anhaltspunkte,verkürzt,ja,selbstaufopferung,verkürzung,spaziergang,eher,strafen,freude,dienst,russin,milde,arbeiterinnen,feiern,überraschend,idee,verzichtet,natur
184,zwangsarbeiter,oma,bptralaay3fjuv_v5kkikq,d54ogspm1bbv7gdj4ys_sw,wurde,sabotage,zwangsarbeit,dachau,innen,kz,ludtka,petr,rüstungsgütern,cobyhm5nvq1wxw57leyvyg,unterlüß,tatakae,ca,ausbeutung,bauernhof,krieg
185,geburtstag,hans,gute,alles,birthday,glückwunsch,happy,herzlichen,lieber,wünsche,glück,hoffe,tag,hallo,gesund,abwehrkräfte,gscheit,verwirklichst,zuweilen,vnzia10n0extoaobb1ebwq
186,wasser,schwimmen,ulm,iller,stalingrad,meer,c3pf0bad05noyc_rlslf0a,donau,ostsee,kinder,isar,fluss,liebe,see,gjfxj,0p,tschenstochau,wek8a_1cmw2onozm3zgtiq,aujgzyba62oaq,sommertage
187,otl,postleitzahlen,inge,sophie,song,jv43ztdtgqwsvsav87xoqg,gyb1c_torhfq3f5h1vh76a,geisler,5skjg6hthcc5tobqkbrqua,postleitzahl,beruhigt,vmvenuz380fzch4posakiq,musik,geschwister,beethoven,komponisten,eifersucht,hast,briefverkehr,bach
188,schmerzen,regelschmerzen,endometriose,wärmflasche,schmerzmittel,bett,menstruation,magnesium,periode,frauen,8cxkkjecssbcxht_rzwp9q,hilft,7iwybiskzdckdc4fdme0pq,zyklus,adenomyose,immer,camelia,ibuprofen,starke,ja
189,rollen,räder,knöpfe,edelweißpiraten,sieg,personenzüge,knöpfen,strecken,zulassungskarten,kampagne,eingeschränkt,italienischen,verballhornungen,rabatte,pavelic,aufnähen,zyhpdi_sao6wwetjvfxs,vu,sprichwörter,388
190,rauchen,wählen,ndcwmrruz7u0khvlajtvtq,raucht,wahl,sophie,geraucht,heute,ja,zigarette,damals,bundestagswahl,stimme,wahlrecht,hätte,zigaretten,weglassen,mehr,wahlen,weggelassen
191,z7fxqafcxxf9,desswegen,clair,notstand,pxn33qliw,lune,vision,gewählt,anklage,schöner,heute,frühstimmt,herumwühlten,gezogene,hinginge,debussy,t5qfpujnocpw,kkl8cuhrw,fragtgar,pandemiebundestagswahl
192,r5jzx8x79cyflsqo8w062w,a0cvsnrgvxlngpwqkoqzxa,afd,umfrage,tagesschau,fabrik,feedpostings,linksrutsch,bt,whhaaaat,einfährt,shtml,g3rw5czwsqhjrslh4r5tvg,freitheit,sophiehabe,rechts,wahl,partei,baumeln,verpasst
193,träume,thomas,träumen,fritz,verbaler,sophie,jijvtcb_rcklbkiq1h0r7q,leben,ubj3dariel5ftvldymok8w,t4euhyfqsyif5mgq,9kg0,verwerflich,bbc,bauernhof,vveckeaurt40ciczslkcxa,jhg,m9cndcaqv3gsyfjkiymkta,schlechten,rebellion,krieg
194,rl4brw1iw1mrhrmhr0vsjq,zwangsarbeiter,fremdarbeiter,frauen,ja,zwangsarbeit,begriff,begriffe,sophie,sprachliche,ostarbeiter,zivilarbeiter,arbeit,bewusste,befreiern,radwj,pakt,euphemismen,ns,mmn
195,lied,strophe,verboten,ärger,passt,gedanken,text,qk3q9rl8e0gfgiikhudcbg,mutig,gesungen,vater,passend,üben,lieblingslied,melodie,hib4mkmha,vgwtwb0q_04a,ja,robert,perfekt
196,instrument,altflöte,xrkobx_ap3x2idoprmj8ga,vater,flöte,klavier,musizieren,musik,spielen,spaß,auschwitz,ja,künstlerinnenverein,311,sopranund,kinderzimmer,blechhammer,gedok,lieblingsband,überredungsarbeit
197,x1iyn677syvdm7tm9vcula,blockflöte,lied,instrument,frei,spielen,kinderlied,fingerbewegungen,rx36avubtie3tv8attztuq,playback,vater,gedanken,bravo,8inu1uf_kv9zkhl3azk6gq,kohlmey,drach,aqz9_u6onkebvth6kobasa,musikerin,liederbüchern,schnell
198,konvention,krieg,feldpost,stalingrad,1929,genfer,fritz,briefe,opa,priester,haag,stichprobenartig,immer,wurden,sophie,missachtet,b19tbc9rjzpjmjehnhfn4w,hib4mkmha,vgwtwb0q_04a,deutsche
199,lied,deportationszüge,hören,oktober,vater,hört,bestimmt,gefangene,hoffe,vermissen,gedanken,frei,renthe,ficarei,postei,reichsbevollmächtigte,unser_glueckliches_huhn,meu,geübtdas,ausschluß
200,mutig,vater,lied,blockflöte,unendliche,aktion,lachen,verboten,schön,ja,8f,sicherheitsmann,träumten,xiza_63kcxqukw76nda,stege,einstmals,synchronisiert,ihr,gefängnis,führung
201,juden,deutschen,000,ermordung,de,holocaust,wahlrecht,jüdischen,aktive,rumänien,quellen,juliette,tunlichst,kechele,gewillt,gegenüber,9fmlvqatla1juzu9gkbhag,t1trbvdhzjnvlreiamr6dq,bevölkerung,perspektive
202,auschwitz,reval,bia,811,toter,oberschlesische,selektion,lebender,014,feigling,lettland,gaskammern,deportationszugs,650,313,800,frauenlager,chronologie,restliche,westerbork
203,frankfurter,lt6pzdnca,0itopxxn11pq,zeitung,lina,göring,scholl,journalistin,reichsmarschall,pdm,gy_mw03x6sdxinrw,schriftleitergesetz,erntedanktag,tonnen,robert,rede,phcl3suz7r1wri6_ndqrug,sowjetunion,hungertod,brief
204,versteck,besserung,schrank,matratze,verstecken,sg_iazo6qe8uqweh7euo3g,gute,mutter,robert,mama,scholl,l8psgoqdub92po1uiwjuxq,ssg45rwdhd6nhwlerlajyg,rhw1swpxxl4adnvqcui7pq,gesamtdeutsche,cmgguchd7bzzlmaqyhhtng,inge,hineinziehen,hib4mkmha,vgwtwb0q_04a
205,stalingrad,äußersten,lxl8wug71lcxx_1twmpv4g,yk1m9ydw05bzmy2hgygdtw,cousin,westen,fritz,krieg,elisabeth,soldaten,uz,etnukxxklnvkne8gkzg,haag,russland,wohlbehalten,anna,mz8brqejf41jen8aquotca,winter,q_unyxkadroaqlpmnp4iqq,o_wzb5lv98qqfnmhxlln6q
206,fleisch,schlachten,hasen,tier,essen,schlachtung,tiere,geschlachtet,töten,hase,kaninchen,lebewesen,vegetarier,vegetarierin,ja,biologin,veganerin,1942,slz,pflanzliches
207,musik,yoga,komitees,hilft,schablone,aufnehmen,natur,belgien,harnack,mutlos,schreibe,versuche,höre,hoffnungsvoll,praktische,spaziergang,ich,beten,mache,gott
208,vervielfältiger,donau,hirzel,hansi,stadtmauer,schablone,sophie,hans,qh1jxn,f4_yfdoddoixllq,4s8mbtrqzn7yzmz2dem46a,aufnahmen,teamsoffer,geruch,geworfen,393,ulm,buchstaben,vgwtwb0q_04a,hib4mkmha
209,glvpybbqjri5asepa1np5w,symbolik,antisemitischen,bezug,victor,klemperer,motiv,em,passage,bulgarien,sophie,kontexte,jmduuypg2752l0hnw1wl1w,cristão,versinkenden,umklammert,religião,zurückdrängung,schlingarmen,globalisten
210,qqyz4h2xwvpgddgbdgyiaw,nehmenliebe,schrecklichem,beschleunigt,mutigste,schreckensherrschaft,fund,sehne,herzlichst,donau,blöde,verneige,konfrontiert,hansi,umarmt,fremden,h7kmzutymvssnfvg4fw_aw,streng,niederlage,geworfen
211,schroeter,sophie,geht,sdg1h6qbcjduym6u_8vuwa,probleme,4xcpbpufrr1xb,k0yw1gkg,besserung,angst,gedanken,spazieren,zukunft,immer,gut,nimm,normalität,weihnachten,hülfe,_t6vgk1me5cszkqi6m5w,violinlehrer
212,otl,aicher,hall,jvqbg,oyxqa4ujwnl7ss2z,sophie,sanatorium,bad,inge,kinder,aktionen,unverfänglich,räderwerk,flugblättern,erfüllungsgehilfen,sprich,maßnahmen,gewusst,juden,elsässischen
213,reichsbahn,xiwoz4wpqbdiglksbe1soq,bahn,longerich,bevölkerung,es55a_3oyz2revl9wqfatq,ujgkivbzghpxnly5,ktmpg,grimminger,juden,eugen,bundesbahn,4xly_qjveoglm79xpnos9g,db,ja,ddr,jüdischen,welzer,wurde,deutsche
214,unterschätzt,wagenklasse,ja,db,karten,fahrkarte,vorteil,otl,sophie,lxl8wug71lcxx_1twmpv4g,zulassungskarte,litowsk,fauxpas,streckenabschnitt,ärgerlicher,rundreise,bundesbahn,fahrscheine,brest,münster
215,mannimel,sophie,ausschreitungen,juden,j73hyfzen1cubwdvddktiq,innen,ausschreitung,ausruf,outfit,tanzen,story,spontanen,pogrom,ermordung,projekt,jüdinnen,user,tanzt,y4w7lj8j7fo3g7kyztdrjw,wort
216,besserung,pflege,pflegebedürftig,mutter,uhr,stunde,gute,kümmert,mehr,mama,patrouillenboot,u7n7eyh8m0n_35anqnm6za,gekümmert,gepflegt,kraft,schweden,nachbarn,vater,fahrt,ja
217,ju,din,bernhuber,fritz,elisabeth,dux,fu,sophies,sophie,fernbeziehung,dischen,schwester,scholl,hib4mkmha,vgwtwb0q_04a,hartnagel,arbeitskräfte,zentralstelle,fanny,lebensmittelmengen
218,mecklenburg,frauenlager,victor,klemperer,sechzig,herzschwäche,schlachthaus,arbeitsstätte,trambahn,arbeitendes,wochenrückblicken,egers,robust,spätnachmittag,erstenmal,ziegler,fünfzig,k3r4lcktamacrauy8m5l6a,anhang,todesnachricht
219,inge,leutenberg,unterlagen,sachen,nachbar,mutter,vielleicht,versteckt,sophie,rshw,azihoall0fqcrffym,frag,blockwart,schon,muth,hib4mkmha,vgwtwb0q_04a,_3jh0wrg1egfg9e6qu7fqg,fiktive,hoffe
220,il43nuo,aykcwyipoaxg,flüchtlinge,unterlagen,ihonxzys6uvsssefxktocq,schweizer,flüstert,schweiz,pilze,1942,lügt,wurden,09,feind,wachsen,gestapo,sophie,juden,fiktion,angst
221,rucksack,reingelegt,gut,l7glhcq,kexsqsnzddhcgy,erleichterung,aufzeichnungen,leutenberg,mutter,erleichtert,unterlagen,westen,front,heimaturlaub,vgwtwb0q_04a,hib4mkmha,geht,erleichternd,ekeqckuaehgka95ikcft5a,opportunismus
222,elisabeth,inge,alhf5vfqdq,qhtkjmcr4l8,otl,werner,ingolstadt,heirateten,sophie,ja,teamsoffer,song,geschwister,scholl,vgwtwb0q_04a,hib4mkmha,_thnzpbupdextj8ora7zew,hält,immer,aicher
223,ivqohyvyjch_wztmc28a9w,rezept,elisabeth,honigbrot,rausgeschrieben,backt,inge,katie,ggni_ka6_jqmpruhs07laq,nutella,salut,werner,geschwisterliebe,erwähnt,jaaa,das,sophie,brot,fliegenden,fozrfhqjsbasmocr7x2jeq
224,rezept,zutaten,cnwzhrr9eov7wbn0wd,ktn_5zzngvpknebttczbkq,6vq,backen,inge,genaues,tw2g,1fblpl7aibkybtdko,sternanis,ersatzgewürze,italien,honigbrot,gewürze,zimt,schmeckt,honig,lebensmittelmarken,zucker
225,inge,turn,otl,sophie,1zi2bb4u0hvcxsjuaa4qoq,gardener,tanzt,scholl,talbot,james,sheen,colin,gewusst,heißt,wissen,simon,deutschen,swing,sp4kirsez48ttlkpfua1kg,stück
226,wart,yzk1lhunoeyx5n4cautaca,gardner,jamie,sheen,colin,lieblingslied,talbot,turn,musst,simon,wände,swing,einweihen,70er,up,heißt,ohren,ecke,kannst
227,vater,haft,grinsen,scharführer,robert,gehört,flötenspiel,haftbedingungen,wurde,gefangenen,hrkzijw5uusq,h7w9,2wuw,backhilfsmittel,bezugsscheinpflicht,maase,ja,leibesübungen,scholl,zeit
228,wut,genfer,beobachter,zeitungen,kriegsgefangenen,anno,völkische,konventionen,alake0shplvoddbft4oqa,konvention,zeitung,likes,regeln,regelwerk,zoom,vob,aid,abkommen,dampf,cgi
229,lisa,verreise,reise,alleine,schlammere,anhalter,schlampere,116,verreisen,ungarn,allein,reisen,begleitung,manchmal,reiseform,jagow,kallay,trampen,notlüge,entfliehen
230,sütterlin,wiya,fza_58lg_ujnyi5s_,klai0_ma730mydveou66tq,h1gwep_4grhfesypiimexg,verboten,reise,sophie,alex,zusammenfassung,see,account,fehlersuche,sophieschollofficial,handschriftbild,ausgestalteten,8c6yxqmz6ejmp5pw6fbfha,beschriften,jüdischstämmiges,pjcq44lk8vlehy9vdrac7q
231,fritz,sophie,brief,gut,vgwtwb0q_04a,hib4mkmha,liebesbriefe,catabcm48ijmdtoguw,mwp,ja,wiedergesehen,worte,hartnagel,bewahre,briefe,professoren,natur,einzelnen,bat,schön
232,inge,otl,pinsk,elisabeth,gründete,fwrboihdyiv5leymll4slq,kinderkrankenschwester,einweihen,schwester,ingolstadt,eigentlich,familienhilfe,brauaqg93nv36jbf8aaqaw,sophie,geschwister,ufv9i86nmvethirdhpmzdw,2flvnzpuo7lzc3kcspxsw,scholl,vetop2dleualrtgf_wvqdq,mitbegründerin
233,freiburg,wohne,reise,offenburg,städte,baden,stuttgart,ulm,karlsruhe,münster,stadt,sophie,unterstützer,alleingang,rose,kenne,xc7orsqgo631i52ztyknzq,weiße,beschäftigte,belege
234,erfolg,reise,mp_gvftfof5fmlmyvvtfwq,sophie,viel,vorsichtig,wintersemester,elemente,otl,adressen,teamsoffer,november,auen5ib71aqn3f0oftlsua,semester,möglichen,soffer,liste,rose,unterstützer,fiktiven
235,karlsruhe,schloss,reichsbahn,intercity,menschen,pinsk,getaufte,muth,reise,innen,unterstützer,abteile,slavica,jehovas,jüd,bahn,zoo,christen,dame,handschuhe
236,i30ugt5vmqufee9ci495,otl,inge,treffen,gefahr,spe,schwester,möglichen,strahlst,freund,sophie,hätte,hall,situation,schwiegereltern,erzählen,einrichtung,reise,zeit,dezember
237,grafeneck,ehemalige,176f,nichtwas,vergasen,umgebaut,tötungsanstalten,sprung,pflegeanstalt,giusy79_,zurückkommen,zentralen,reichsgebiet,kollegin,einrichtung,tatendrang,behinderte,systematischen,morden,sammeln
238,zigaretten,filterzigaretten,menschen,pmosyesx_pncqymcqhfgg,zivilisation,brody,baracken,wettlauf,baracke,bulgarischen,deportiert,sophie,bulgarien,wurde,mutig,begehrtes,rsi_znykkxhrru,cahen,bv_qneq,schubkarren
239,sophie,2021,gottschalk,kontakte,zoske,muth,reise,246,grimminger,scholl,unterstützer,belege,freiburg,verlag,unterstützung,vertrauen,eugen,dargestellte,offenburg,beck
240,grafeneck,menschen,euthanasie,predigten,gedenkstätte,txxingx4vg,cwelxcuzt0x,behinderung,t4,schrecklich,abgetrieben,psychisch,lebenswert,pflegekräfte,wurde,behindert,heute,kranken,hadamar,galen
241,otl,aicher,sophie,cluc8wrx6s4dfoyt0zuw,inge,münster,treffen,held,helden,innenseiten,ned57brekkx8f5zyhlptew,elsässer,dauern,gründen,einberufung,märz,_thnzpbupdextj8ora7zew,heiraten,gefahr,munster
242,otl,inge,freundschaften,freundschaft,geht,1952,xtufob95nz01uvcjsq9kba,sophie,elisabeth,aicher,heiratete,fritz,gestaltung,klar,funktionieren,männern,ja,ettenheim,zunatürlich,heimsuchung
243,stricken,otl,épinal,lesen,kreuzworträtsel,hib4mkmha,vgwtwb0q_04a,lese,dabei,drrtoixf5bg,bahnfahrten,d5dn2w1ttx,schlafen,essen,1942,immer,bahn,zugfahrten,karte,11
244,otl,inge,aicher,heiratet,erzählen,nachhinein,chkpuni48kc8mxxv26,r9q,geheimnisse,heirateten,elisabeth,1952,eifersüchtig,vereinbarung,fritz,scholl,gründete,kriegsgefangenenarbeitslager,ostvölker,dschsbnbmjwni0lj4koh9g
245,rühmann,tosyknwxvpnrprjurdopgg,nürnberger,simp,albers,heinz,mrheeffqedhh6uqmwn4lpa,prominentesten,beziehungen,inge,heiraten,grimminger,scheidung,h7kmzutymvssnfvg4fw_aw,bewegende,ehen,kxh0mjoqerubxyfctnewmq,vgwtwb0q_04a,hib4mkmha,gesetz
246,grynszpan,schwester,herschel,inge,rath,sophie,wahrheit,sagen,denke,suizid,vertrauen,sollst,verhalten,meinung,tust,schmutziger,klingelts,gelügt,botschaftssekretär,zwichen
247,dpusbztvupe3hoegulw9jq,werner,elisabeth,zeit,hans,sophie,geschwistern,brüder,getrennt,scholl,bruder,ja,schwester,münchen,geschwister,korrekt,vermisst,front,familie,projekt
248,jv4uq0dsihc3qv9owgx0jw,stauffenberg,schwieger,hitler,krieg,juden,volksempfänger,vssbfgojq,m26bnnjcq,dushmhs3yfqqwu8eh0tiga,november,grynszpan,kbfpwh0uikikabur9in_mw,attentat,kriege,pazifismus,bürgerbräukeller,hj_nn6vztxgmolp5voxcdg,zynische,völlig
249,synagoge,synagogen,krumbach,sühneleistung,jowivlgfk1fslhiqg,4rdblwh06ias0cwfgw,wza9,rgh,november,fnslfgcfyhwwmlneoky,gartex,ztuad2pjhle5jzg,juden,heute,uq,brannte,11,ys,no4he,qsqtt4gzuvfmg
250,bruder,zwillingsschwester,schwester,jh7y9dk1utmpzud3ihbyzq,geschwister,weit,ddsrenec4wmkypsmp53xsw,ja,distanz,nah,hvoyvxfjiyhbvykpau9,sxu2tj5r0kcagdiwryi_tw,hans,rekonstruktion,enge,nein,sophie,wohnen,momenten,werner
251,hans,muth,lindwurmstraße,herold,gytxzmmmqmtgvu6x4q,lis,münchen,hauptmann,mandlstraße,wohnung,kaserne,gewohnt,sophie,r62tui5p1nxfpqrb54yibw,reißverschluss,genießt,besoldung,beide,schön,fhpk6cmi5htbtu0hww1ekg
252,familie,elisabeth,halt,freunde,fz3zgmstdnb3jdaxhrtnzg,robert,scholl,abwahl,immer,zeiten,fortbildung,gibt,werner,daraufhin,ssqzq1rhnhn5v0_cf,bürgermeisters,johw,tübingen,sophie,zusammenrücken
253,hans,wintersemester,barbara,scholl,cwxukkyy3uun8aqxrm2crq,november,uzki4ac6r94gv5tw6exgjg,münchen,sophie,villa,stattgefunden,463,beuys,brief,muth,treffen,wohnung,beschädigt,ellermeier,interpretieren
254,cfc8n6k_9htaz8nerde_uq,leipelt,elisabeth,werner,urteil,eltern,scholl,hans,lafrenz,sophie,familie,traute,vollstreckt,besteht,leichtigkeit,krieghofer,abartigen,caafdgykmzc0dllsln17mg,sehe,glauben
255,elisabeth,cwxukkyy3uun8aqxrm2crq,cfc8n6k_9htaz8nerde_uq,interview,sophie,werner,owmanvsqgchiolmdvybsca,bleistift,sibylle,aufräumen,scholl,teerfarbe,ja,bassler,unterhaltung,inge,ghettos,müsse,half,dokumentiert
256,geschlafen,hissen,filmaufnahmen,nacht,zimmer,übernachtet,bad,auto,alten,maximilianstraße,reisebusses,gka,glyptothek,ku4c92whicselaqd8n,wohnung,anlässen,aufnahmen,gewohnt,kind,vervielfältiger
257,muth,eickemeyer,todt,professor,reichenhall,harnack,manfred,josef,11,söhngen,carl,rose,bad,architekt,ot,vervielfältiger,freigesprochen,atelier,scholl,str
258,sophie,alex,plskrdy67cosyk6swa,_fb,kater,wein,schwärmte,zuneigung,rundfunkprogramm,kriegsjahre,bohnenkaffee,263,getanzt,goebbels,münchen,00,schmorells,alexander,scholl,schweren
259,wohnungssuche,echtzeit,wohnung,wohlhabend,sikusyj8gcv8xmc,wpxi4d4dtkchekdlqswrbg,wylwqq,sophie,feldbetten,qjb8jmcaviilvgkayskrgq,geld,wohnungen,1942,schon,reihenfolge,getrunken,ereignisse,dushmhs3yfqqwu8eh0tiga,scholl,sommer
260,aufnahmen,soldaten,hjmrbq1d3qmeg1npg6qa,fotografen,ja,alex,juden,schnee,täter,w89ewagvyk969oi93m1xog,rekrutiert,schon,opfer,opa,generieren,verfügbares,pferdefleisch,kameras,2kxdnz7g9idtfmtvfjhcra,zbmumtdxlyxhqwss18ujxq
261,daumen,gebet,gedrückt,knlv1ox,ldcbpvz8j2rboeauked9ew,besichtigung,bevr5nbeacmj6q,tóin,eingeschlichen,ja,wohnung,drücken,aenuyml0,c3d,6vwxs3gyw,faust,_jane_8380,daumendrücken,drück,einziehen
262,traute,lafrenz,hamburger,sachsen,glaffsgsvcxxzgogwpb3ow,dw1x5daw4ds5b3kbt29qka,müller,1943,prozess,überlebt,owmanvsqgchiolmdvybsca,vgwtwb0q_04a,hib4mkmha,franz,hamburg,schmorell,alexander,urteil,zusammen,video
263,wänden,wand,hängen,bilder,hängt,wohnung,fenster,aufhängen,bild,kunst,kunstwerke,gemalt,geyer,ja,kmcz75pnyh2qfwdjaaag8w,zimmer,gesetzliche,schön,fotos,pflicht
264,sabotage,ja,brauche,feiern,sophie,zeit,ruhe,gahn5d7iccqvysr34apzcw,wohnung,schaukelstuhl,8rvlwa,cgw,tanke,jtaoznbf2nd,mal,gäste,fortführung,gegenwärtigen,bett,hand
265,fritz,hartnagel,impfpflicht,klimapolitik,sophie,hauptmann,scholl,ja,soldaten,möglichst,rt0iusmhnpfcqvvexa0lw,unwra,verlieren,fronturlaub,rückzug,coronapolitik,einmischen,q8v0ijkdrjeo2qbatpsxla,urlaub,briefwechsel
266,wohneigentum,wohnungen,wohnraum,bombenangriffe,arische,verschlechterten,freiwerdende,kommunen,unbewohnbar,bezahlbarer,arisierungsmaßnahmen,wohnraummangel,wohnungsmarktes,bedrängten,jüd,ausschmückungen,lebhafter,mieterschutz,einhergehende,zusammengepfercht
267,bafög,maurer,gärtner,fritz,studium,nsdap,rechtswahrerbund,steuerberater,433,berufsverbot,sophie,ja,november,wirtschaftsprüfer,scholl,brief,beruf,b_py18fradhvxtoynohnka,wirtschaftsberater,hartnagel
268,willi,graf,f8g,b5zjklhaggtix2ze3s,lknxeakbcdx9zetkx5nqq,vertrauen,saarbrücken,bündische,umtriebe,ja,hans,katholisch,bündischen,bpeyh9b5wzyruit6veeeha,vgwtwb0q_04a,hib4mkmha,jugend,hitlerjugend,rose,bauchgefühl
269,sd,akten,pb5k7gk9196wb2efdt2psq,uzz4soxyh8kczy5wexyr0w,7bxspxqhotlhljy3iep92g,zigarette,sophie,cgw,8rvlwa,jtaoznbf2nd,sicherheitsdienst,zigaretten,mdr,berichte,homosexualität,gespräche,wliqrc5qko94pone,ayvka,eexmdeaa1fdyiewvokpg1w,nnml6nu6ndzi6_9svoxa4g
270,k5s6jb5r5g,zkzp0kqyatc,vs,projekt,teamsoffer,doe1wtooj3mketaif5hq,umtriebe,imkxjxn2gzj3iczq0w2hlq,hhmz_krfkw843754bigcag,mut,6v_59efwdezuva,slug,menschen,aussichten,video,lob,bündischer,vielen,düsteren,weiches
271,willi,sophie,socken,gleichberechtigte,aufräumen,graf,gesprächspartnerinnen,ja,zimmer,frauenbild,hib4mkmha,vgwtwb0q_04a,putzfrau,kram,immer,traute,bett,schützen,männern,hasse
272,armee,sowjetische,wehrmacht,kontrolliert,hartnäckig,wunschtraum,fritz,rommel,kartoffeln,tag,stalingrad,vernichtungskrieg,soldaten,feldpost,nahrung,ztr,umrüsten,luftwaffeninfanterieeinheiten,vgwtwb0q_04a,hib4mkmha
273,00,prozessprotokolle,prächtig,präambel,przeraża,przemysl,pryhhmw,prxzy0me3t7210yxpaw6ta,prxspteaoqviwcootlj5kw,pruzhany,pruzany,prushany,prunkvoller,prunkvoll,prsktiziert,prozessualen,prozesstermin,prädestination,prädikat,prädisposition
274,brote,schmieren,frauenbild,rollenverteilung,sophie,hunger,herren,iss,brot,widerstandsbewegungen,tisch,rollenbild,schnittchen,vgwtwb0q_04a,hib4mkmha,beuys,schon,jungs,knurrt,allgemeingültig
275,huber,leibniz,professor,j1ophd1xz8j0uymqujzwwa,kurt,hingerichtet,auen5ib71aqn3f0oftlsua,1943,scheffel,vorlesungen,graf,wurde,schmorell,fallbeil,einschüchtern,zulauf,expertise,za0sekgooma_wnck5sf5xg,rose,ernst
276,vermieterin,vermieter,wohnung,symbol,ja,schmidt,willi,schloss,schon,ungarn,y8gggzgfssab5i3mwqw_da,vgwtwb0q_04a,hib4mkmha,sophie,wurde,schlüssel,frau,schenkeln,ybrcr_tpf6g9z04s44kk5a,drehende
277,frau_kapuze,willi,sophie,papier,frauenbild,anerkennung,ravensbrück,8og,_sjjwlbvgn8dp269bg,frauen,scholl,graf,rose,hartmutjannis,geschlechterrollen,offensichtlich,hätte,gruppe,inge,belege
278,sophie,helden,tbnqfmek6tzjinaewqyw1w,susanne,liegenschaftsamt,übermut,hirzel,dezember,frau,mut,daherkäme,samberger,pistole,menschen,vielen,leo,mutige,starke,radikale,hitler
279,hirzel,2kyyigisrxfwfwfool2iaq,hans,hansi,sophie,scholl,qzaxv7k0,2deock7vinl2q,inge,ja,hib4mkmha,vgwtwb0q_04a,rose,f9ptedclyvhlrzvtypwuzw,xtz8vypqa,8muigzqt0ir7,sztójay,planungen,februar,schon
280,konzerte,musik,konzert,swing,inge,leist,klassische,ja,dushmhs3yfqqwu8eh0tiga,ilcq_dtfh,wx4httef6rcg,rundfunkprogramm,jazz,stücke,goebbels,nlh5lsxie427kjxemyrw,feldpostpackl,musikrichtung,00,wurde
281,griechenland,italienische,liegenschaftsamt,italienischer,rom,papier,huber,juden,05,helligsten,sinterklaasfeest,entwenden,fijn,vorläufiges,einheitliches,bz2yzeq4bpqw,9gxmtzpnn,259,gesamtgebiet,einzelperson
282,traute,fleisch,schwarzmarkt,ckacr7w7hp_ca,1_xbpbou,lafrenz,lebt,wurst,lebensmittel,lebensmittelmarken,171,unerlaubten,rationiert,unerlaubte,herunterzuspielen,5z3wmhvbu_vvizfsaawh3q,normann,l2ei3_gfuz0wbzykg,besorgen,qp
283,briefmarken,fritz,sophie,wtjmbu6l7ldmlm7snvg3jg,okscdhi_knrhw7vhi6vhnw,hib4mkmha,vgwtwb0q_04a,lila,benötigten,mengen,scholl,blütenblätter,ok5vu5swzcjd_q,f6iq3z_,2001,9ze_e8htaybx6dn5v4o_ka,postamt,innen,wurde,hochverrätischen
284,eccav4qdee,7wxhktn8hya,sa9cf9sufijm8szivmnhww,vergleichen,vergleich,maßnahmen,verstellt,plattformtypisches,finanightmare,wissenschaftlich,frage,ns,situation,element,verfolgung,harbor,pearl,demonstration,waisen,dushmhs3yfqqwu8eh0tiga
285,kapelle,harnack,rote,boysen,schulze,arvid,mildred,harro,roten,wurde,coppi,libertas,gruppierung,fish,organisation,widerstandskreise,funker,scheliha,falk,dushmhs3yfqqwu8eh0tiga
286,wärmflasche,schlüssel,vermieterin,schloss,leipelt,ausgesperrt,generalgouvernement,vermieter,ja,katharina,frrhxnab6ksj6cducahm9g,1vdjnfec1vpuqp0jnnl4oq,siebhirn,schon,schusselig,heiß,mieter,sophie,metall,mal
287,ilovmxfsufxucutx3varsw,makeup,traute,punkte,reichskleiderkarte,hamburger,lafrenz,gzrjxl6ldrhlx7vtrwvwyw,karte,rose,7hvgkcjww2ya_wvl4thciq,leipelt,kucharski,weißen,kleidungsstück,pullover,wurde,kauf,nzq46yzd3_xxpwm4xm2xtg,lichtwark
288,weihnachtskerzen,kirche,gottesdienste,kerzen,ursula,auswanderung,ablehnende,st,ja,haltung,gottesdienst,gebet,zunehmender,pd1hy_xabxdad_gzz9acma,2k5fuewbx9gh6wdanhgr1g,reife,sophie,ruhe,juden,gegenüber
289,schild,jüdin,monaten,rap5phxilvnkac82apzvfa,mietshaus,unehre,judenkolonie,riesenblase,ausgehoben,befriedigende,zusammenkamen,leidlich,hausglocke,allabendlich,etagenwohnung,aufgestochen,bekümmerte,vierstöckigen,moniert,tüchtiger
290,klingenbeck,grimminger,wurde,echtzeit,eugen,scholl,sophie,i6eys2fg9uwtcoxv7mpuqg,hans,grimmingers,teamsoffer,rose,flugblätter,mama,geld,wurden,vgwtwb0q_04a,hib4mkmha,jenny,jüdischen
291,fritz,h6cg,_yfivwk9a8blociys,adresse,sophie,briefe,brief,päckchen,jvl3swwgr84argw8h1xxnw,immer,verdun,postamt,975,krieg,hässlichen,i6eys2fg9uwtcoxv7mpuqg,oma,giusy79_,geerbt,jacke
292,schmetterling,traum,traumdeutung,000,freud,traumdeutungen,raupe,deuten,leichtigkeit,träume,fromm,freiheit,juden,symbolik,sophie,greueltaten,schmetterlings,arbeitsunfähige,hokuspokus,sterbende
293,sikusyj8gcv8xmc,wylwqq,rauchen,ftbdaclkiww,iukraddyva,flugblätter,geheimsprache,wohnung,zigaretten,gn3yd2zff0nnojj_xrba,bewusstes,versandt,stoßen,uzki4ac6r94gv5tw6exgjg,teamsoffer,fürs,rww9gejbzaumevaqj6ihiq,hib4mkmha,vgwtwb0q_04a,durchsuchung
294,69qwxjfar0ha81yuy1y8zq,dushmhs3yfqqwu8eh0tiga,sophie,gestapo,schloss,tl8ww,3vwtw7cfy2_ksnhi,wohnung,witwe,gut,angst,verhört,folter,hans,fisch,vermieterin,geraucht,rechnen,privatwohnung,ausgetauschte
295,montessori,pädagogik,scholl,unerfahrenheit,fröbel,gust,j73hyfzen1cubwdvddktiq,fehler,sophie,hans,probst,owmanvsqgchiolmdvybsca,widerstandstätigkeit,engen,freundschaften,christlich,ns,ungerechtigkeit,christoph,machten
296,nationen,vereinten,alliierten,lkkrwls,xywbwoh7qrnjjq,blankenstein,zeitungen,vy59rwhsurxw8dd0eyoyea,englische,telegraph,0uiwfoycq4emmnpxzrkraq,weuei48sa4cvookeamgczw,32ebyl4d1kthqhqsctrvkq,holocaust,deutschen,daily,van,10,ahnungslosen,medienmagazin
297,szenario,niederlage,wunsch,ja,fritz,sieg,wünscht,xfwdijqwxbpr0rdt8ipjnw,fenxp9fzk8dolid1yagyoq,kriegsgefangenschaft,9ctoomwmnczbtkla66nemw,f2lecmfetypvgbtzm9u4yq,6vwxs3gyw,aenuyml0,c3d,haltung,wünschen,weihnachten,frohe,projekt
298,gasmasken,angriff,gasmaske,maske,masken,angriffe,alarm,sophie,the,erlebt,volksgasmaske,gas,fjvlvjd1jlaeu5ntvua,gab,of,hall,giftgas,to,münchen,angst
299,weihnachten,anhalter,klappt,fahrkarten,vwel86acslm_cszextkelw,harnack,xaejklnqjlbqc4gj,2h,karten,gq,coppi,morgen,like,sophie,ergänzungen,familie,reichsbahn,arvid,g3_vuu16imgn_keubethtg,likes
300,weihnachten,familie,frohe,weihnachtsfest,besinnliche,wünsche,verbringen,zeit,genießt,tickets,feiertage,freue,jahr,feiern,weihnachtszeit,feiere,zusammen,reichsbahn,gesegnete,schöne
301,weihnachten,heimat,ulm,km,familie,weggezogen,lebe,frohe,hause,jahr,schaffe,mal,gezogen,weihnachtszeit,fahren,ich,fahre,feiertage,_3jh0wrg1egfg9e6qu7fqg,schöne
302,weihnachten,lametta,weihnachtsfest,gebügelt,frohe,geschenke,baum,fest,frohes,1avwudl4xcorypbvzzi3ua,geschmückt,heiligabend,wünsche,bescherung,julfest,xfpulli57cfuc5r29ipwog,jahr,familie,genießt,feiern
303,weihnachten,weihnachtsringsendung,frohe,sendung,zdvwbw5xeuw,80rxby2wvz,stalingrad,stille,soldaten,dushmhs3yfqqwu8eh0tiga,singen,dxcxigkbljzfkroup7vxsw,manü,vati,uyf6sp_dra4qbz_3adlgba,h7kmzutymvssnfvg4fw_aw,aufnahmen,nacht,weihnachtslied,gesegnete
304,weihnachten,frohe,sophie,4wo4w,um2yniw_u6wwxszx,z7__8tj41m0kzi9la,dcnor9kiipf5kcsuv9betw,kwyh,gesegnete,rykv5hsdiqjdhorjv4dsgw,immer,weihnacht,wc6xhgpiukshbf7xq20zdq,weinen,sbo,ixehnp1illqxg4ifw,feiern,fritz,front,leid
305,weihnachten,vermisse,sabotage,fritz,meine,1auah4b0gkverrp2pntjgq,wünsche,letztes,dv6ufyroauak6dupimmglg,hartnagel,gestorben,feiern,frohe,ja,familie,jahr,rz8w5tspstfnqgi_mstnla,infanteriebataillon,dce1dunpozxygynyxplvxg,menschen
306,weihnachten,feiern,bräuche,julfest,christkind,weihnachtsmann,ja,germanischen,holle,christentum,christlichen,kirche,christliche,weihnachtsfest,jesus,usm_wg,9jz_soq_fil71gs,nikolaus,zeitschrift,geschenke
307,eyqz5q19sc2yjxv3vztdog,alliierten,gasmasken,bildlich,englisch,otl,englische,durchgeführt,befindet,weihnachten,nahelegt,wash,gelbsuchterkrankung,postille,183ff,tonaufnahme,einstimmen,giftgasangriff,giftgasangriffe,lerntediese
308,gisela,lisa,schertling,krauchenwies,weihnachten,freundin,bevo,sophie,treffen,lisas,scholl,freunde,ja,treffe,hans,maßnahme,lkerung,thehadestation,zeit,pulli
309,kohlenklau,sophie,brettspiel,druckluft,kohle,energie,frieren,to,hohnhausen,lagerärzte,kohlen,bergbau,benzin,him,jagd,scholl,hib4mkmha,vgwtwb0q_04a,jgrz7zl1cat0rhksiv_upa,quartett
310,seelenheil,gott,liebe,sophie,sexualität,strafbar,fritz,sex,geschlechtsverkehr,vgwtwb0q_04a,hib4mkmha,ja,verspielen,jesus,willen,prostitution,bordellen,praxis,6vwxs3gyw,c3d
311,silvester,familie,freunden,jahreswechsel,jahr,feiern,feiere,neue,k_dw,rutsch,tphkvkyyywuo,qjrz,c72vvqqfthbtpqky4dqkfg,freunde,ausklingen,spieleabend,pyramide,weihnachten,ruhig,gefeiert
312,fritz,brief,hartnagel,sophie,willi,foto,musik,rudi,scholl,gebiet,briefe,owmanvsqgchiolmdvybsca,graf,30,1942,bald,abgedruckt,12,geistes,schnee
313,schrift,frakturschrift,fraktur,verwendung,schwabacher,frakturschriften,rutsch,mi9h0qy,jänner,ekri_6m6zwbzsq,völkischen,januar,gesundheit,wünsche,fischwirtschaft,nationalbibliothek,beobachter,aussiedlung,kg,polen
314,fisch,trigger,kmaoph8ttqrgqlqkyufawa,triggerwarnung,karpfen,triggerwarnungen,ausnehmen,ausgenommen,fisches,snowflake,gc3dgxsscg,9nmdb0wfxep,k0mzymg5qborhjnua_dlqq,xh1q7sqrxvfo6tedwjj0tq,ja,küche,getriggert,menschen,ärgern,hervorgerufen
315,frohes,neues,jahr,silvester,schnee,geschlafen,neujahrsspaziergang,neujahr,wünsche,bett,januar,friedlichen,sophie,halb,spaziergang,abend,verbracht,juden,30,generalgouvernement
316,ekwa,59ent3kp1df,ntdzu,dkiswr3kiwwakxj9qqai,eywecpwibjuvehrzcpq,v2,sophie,endet,enden,leben,y4mfhikg6b4t03pnzxnxyw,erspart,ntqinxwa1zrmujoc3mifkw,krieg,wünschte,geschichte,rose,hätte,dushmhs3yfqqwu8eh0tiga,zeigen
317,krauchenwies,gisela,sophie,zigaretten,nichtsophiescholl,hans,schertling,karte,reichsarbeitsdienst,rauchen,frauen,arbeitsdienst,scholl,55,einbeziehung,beziehung,sigmaringen,1941,jahreswechsel,münchen
318,festland,einerheikeganz,geschnulze,zweifelich,schwimmblase,drstell,schnulzig,auszunehmen,karpfen,brav,lesbar,großbritannien,untertitel,eindrücke,angebot,grandiose,gedrückt,bewegende,europäischen,lg
319,51,dxaptkfw7zwepnol5dynbg,zdkflxomqupzyuwhkvwxtg,sophie,yehctlj7ocaskopl2t9fhq,mutters,klimawechsel,liebesdienste,entwöhnt,immer,selbständigkeit,gewissem,alleinsein,darm,genossen,scholl,querdenker,ausgehe,anständig,gqecgfzma0y7tim1xond1q
320,rauchen,zigaretten,frauen,raucherkarte,alkohol,ungesund,tabak,raucherkarten,rauchverbot,verbieten,verbot,gesundheit,entscheiden,schädlich,raucht,ja,geraucht,kampagnen,schwangerschaft,wr2wnm
321,fml79j,qdvdmnqapnwk,fq,flugblätter,drucker,l8psgoqdub92po1uiwjuxq,zzeewjeneoraeqxaycq3sg,roto,zfjl31hxorlmfvwzzijvog,1943,matrize,modell,kopierer,apparat,vervielfältiger,wien,vervielfältigungsapparat,angestellt,drucken,hätte
322,traute,lafrenz,vervielfältiger,rm,4oezsh6jq,drwususals9g,240,flugblätter,gedruckt,iv,z8bwnhnfvbnqwc_r9zssua,61047,elitedenken,rose,gebildete,wider,102,reichsmark,vi,verhoerprotokoll
323,adressen,flugblätter,flugblatt,briefmarken,sophie,geld,wurden,empfänger,riskant,georg,widerstand,lkuwbzruyzdycuq8wcpwgg,großadmiral,inbfjmyetjqnittcke5uia,rose,teamsoffer,fmckwrkt,szwkd5a,7xahn,sondermarken
324,plakat,kunst,sabotage,plakate,künstler,propagandaplakat,dix,propaganda,sophie,m0rpmdradkgdybbcvwc_vg,ja,gruselig,krieg,otto,bild,städte,werk,sander,finde,haltung
325,willi,graf,siegfriedstraße,sabotage,blume,umtriebe,knoop,logo,vorbemerkung,entfremdung,verfassungswidriger,anneliese,bündische,willis,nazipropaganda,hans,hast,bündischer,verhalten,einsamkeit
326,besserung,schlaf,traute,onkel,schlafen,trautes,ruhe,körper,hilfestellung,lafrenz,ausgeschlafen,102,ausruhen,rose,bett,wien,l8psgoqdub92po1uiwjuxq,84qlu8sgfpt7dwf6plizkw,sonntage,zruiugbnknp_c4nff9lpqa
327,maßnahme,schertling,35klzq4uffg9i5b_gxj9rq,gisela,the,rumänien,müßte,of,reichsarbeitsdienst,bewirkt,what,dritte,are,schertlinstrasse,treasurewas,gsie,bildwach,bindfäden,konntegeht,russians
328,1931,münchen,aufnahmen,gisela,aufmarschplatz,1860,tsv,königsplatz,platz,e_tdpusgrrluqtruw0dprq,nsdap,schnee,grau,1933,maßnahme,architektonisch,ehrentempeln,vereinsgeschichte,umgestaltet,hans
329,52r_q1uhr6dydrljrdv8kq,auffangen,fallbeil,respektlos,scheisshalloes,5af7xoep5i1iawlyaksiaq,ü12,6dq,aw7ae4_k8wahu_xong,4psozsuzzkfcw_5hcqyn7w,habenverstehe,demonstrationszüge,dürfen,verwurzelt,ungut,erfahrt,bitteschön,aufbaut,planungen,geachtet
330,grünkohl,pinkel,gisela,qenx0vh8e11czc4bdmukvq,norden,kochwurst,kohl,kohlkönigin,c9wnmscs89pudrajrnst5w,oldenburg,oldenburger,leipelt,wurst,bremen,nöt,bregenwurst,knipp,koop,hans,eickemeyer
331,sophie,opz0334cndd347q5qywrow,verbergen,angst,geschichte,flugblätter,studierende,projekt,pmwricxb9bfpiyvlkbntva,kollegium,studierenden,flugblatt,februar,ende,januar,endet,teamsoffer,wurde,11,seid
332,nc4dpglwe3mk48lqpc32sq,sophie,xhfiamkgij3sslkqedip2q,kapelle,wurde,harnack,scholl,projekt,weiß,hans,naiv,coppi,mildred,hinrichtungen,leugnungsstrategie,schon,tag,geschichte,angst,flucht
333,gisela,allach,0mzwsftywj5tr0m4alqxpa,schertling,dachau,bmw,wildau,münchner,katechetin,konzentrationslagers,000,1943,märz,heusler,machbarkeitsstudie,ausbildungen,belehre,organistin,anstaltsleiter,lindwurmstr
334,gisela,vorsichtig,harnack,falk,naiv,uhr,ja,8nono2pdt0yydl,4rkawtw,frauenschaft,jüdischen,freundschaft,zweifel,trauen,sophie,5plfturab14u2zx7ouimuq,dicker,viele,menschen,innen
335,yk8tcgzwkqcmdmzgh34kag,kodj6hrovmdf4etelfknjw,mutig,cn86h8iuwdwteoirtj4nda,hermine,7bpyhv7nhelkgqtprovdqg,the,sophie,dyteahp8wuvg,mdwsxvjw1,lesser,rohingya,mut,straße,nesthäkchen,7b0mgawjfcfmao0qor7hig,willi,ja,facebook,wäre
336,studentinnen,frauen,nc4dpglwe3mk48lqpc32sq,dänemark,juden,04,dänischen,gau,ja,oberbayern,tagebuch,giesler,menschen,wurde,6vwxs3gyw,aenuyml0,c3d,schon,willi,medizin
337,zd9gl2bg,jwplmipm0o52s,vorlesungen,casablanca,nr,crosykmjqwwi39pzvsfa_a,konferenz,roosevelt,churchill,plan,huber,1hwvix_ispicwyvstumbug,regularly,tjfjaiggi_u0cftiew_xaq,attract,attend,professor,student,0210ymhcecrvpgd_moooow,lectures
338,hamstern,klopapier,vorrat,zimucn2yw0ormbvyskd0ca,nudeln,hamster,plakat,frauen,wurde,hamsterin,weltkrieg,vorräte,männer,toilettenpapier,misogyn,immer,ja,horten,7wcuwxmccmz0rgvpvdrchw,schon
339,flugblatt,juden,flugblätter,neubesetzten,sophie,wortlaut,eingeweiht,gebiet,staatsangehörigen,aufgaben,bpb,rose,französische,pl5tv5n8zgqbsjludjkuqa,lichtschein,augenringe,flugblättern,000,217,53l4qauob25zchcaamfpig
340,harnack,arvid,anständig,intelligent,636,falk,mildred,transport,nummern,häftlinge,dezember,nazi,verurteilt,87168,87378,unterschreibt,eingewiesene,ukrainern,88344,menschenwürdig
341,udgbxvlmt2okhqabtnbr0q,sophie,mjvyv9lb3hu1kwc0hmogfw,marseille,flugblatt,menschen,hans,flugblätter,rose,qp3iapsdtkjsazz35x6uig,scholl,januar,gibt,etwa,bekannteste,17,auschwitz,hervorhebung,1943,ja
342,homosexualität,175,lesbische,homosexuelle,frauen,paragraph,vnfwt5vfttqiinapvdad0g,paragraf,1994,handlungen,wurde,männer,befremdlich,bundeswehr,stgb,brd,männern,vejzmwi9m5ohf6wcca68lg,strafbar,thema
343,marseille,fritz,1943,hartnagel,sophie,18,nfge2raw,oj_n24tlom108,sterne,680,125,162,588,386,auschwitz,usf,bereinigung,81,menschen,scholl
344,fritz,sophie,vrxzqmvtdc_cwbmja,dhq8,paulus,elisabeth,wurde,kfxymbwzq1lts4mkmb3wqq,scholl,plattformen,ehrenarier,4ewnjeoc1f0g0zmwbwak_a,3v08ic4qdhg8knx5wg,viu,stalingrad,juden,jud,eid,4j45abpfz6jguzm3weh8va,post
345,swing,stalag,vii,memmingen,kids,verhört,hirzel,memminger,romanzen,gestapo,rose,gefangene,flugblätter,frppy9bmdq2deqnyq,6y2f,errichteten,sophie,hansi,scholl,hze7x9py
346,gisela,netiquette,hans,traute,schertling,werbung,accounts,ja,lm1juczmv2vasxwvl9fl5g,pauschale,gestapo,lafrenz,mitwisserschaft,teamsoffer,nlifdppjsdpd5jlmgvdfva,wurde,scholl,rose,vgwtwb0q_04a,hib4mkmha
347,emotionalität,flugblatt,bildungsprozess,sophie,flugblätter,projekt,geschichte,scholl,j3hemmgo78vpn_vydd7pia,ttomr9n7dtzu6as1p5l,demokratiefähigkeit,hans,haecker,personen,vgwtwb0q_04a,hib4mkmha,1943,wurden,rps1ojomxmisxwibmag,befähigung
348,kopfschmerzen,hilft,yi0zx0r1bxafdq5yx,tu0w,trinken,schläfen,frische,luft,pfefferminzöl,kaffee,sophie,anspannung,wasser,tee,spaziergang,zitrone,besserung,ruhe,pervitin,ter
349,karcz,aumeier,jan,sieg,23569,landsleute,tribunal,v23,auschwitzprozess,schutzlagerführer,oberst,polens,390wurde,kavalleriedepartements,auslieferung,krakauer,gbsqa2awgrfhlhrntpgfdg,glaubt,nationalsozialismus,61025
350,schnee,aufnahmen,monopterus,berge,englischen,garten,auschwitz,juden,judenmaßnahmen,eingewiesen,rijdqzkmuqkev6xwoyvt1w,häftlinge,januar,gaskammern,staatsangehörigkeit,1943,sd,abteilung,nennungen,schlitten
351,liebe,gisela,casablanca,widerstand,hans,konferenz,1943,roosevelt,churchill,wichtigste,eingewiesen,alliierten,frauen,leben,auschwitz,probst,männer,januar,stalin,aenuyml0
352,kondome,frauen,abtreibung,gisela,fromm,verhütung,fromms,wurde,kinder,sex,mütter,kondom,wurden,abtreibungen,lebensborn,ja,irma,hans,175,kindern
353,frauen,camelia,ehe,menstruation,ddadg,wa3j1l5oth4ljkju,ehetauglichkeitszeugnis,litt,tampons,unfruchtbar,wurde,frau,aenuyml0,6vwxs3gyw,c3d,sport,unfruchtbarkeit,periode,ja,regel
354,studierende,xwiowgpclhjgrs3rlvkfnq,rafael,gisela,dohrn,kirche,1943,verplaetse,studierenden,harald,revolutionär,cousin,vxtivmbjnzslx_e081ikhq,auschwitz,josé,januar,katholischen,satzung,alexander,27
355,flugblätter,yea27llfpyl2hk0lszgxgg,sophie,alexander,ja,rose,1943,wurde,xfpulli57cfuc5r29ipwog,mehr,scholl,vorlesungen,angst,schmorell,graf,huber,bdq4gbac2eiath4ov0_dtg,ngzg9gtzqcuabva8fkpvsa,januar,28
356,alexander,schmorell,2hxfnaxwrpmrazyvw0gopw,finnischen,heiligsprechung,orthodoxe,flugblätter,c5pkleve_ti6yqphz3db9q,orenburg,ja,mechanismus,fremden,neaw,vtrow5qeot1i5fp5y,gehorchen,29,freunde,1943,alex,widerstand
357,januar,brand,stadium,goebbels,zersetzung,518,schichtträger,auschwitz,the,1943,week,english,geruch,98151,ofw0pnt_dueokbmw4fwc8a,73ceppfdvjg9mitgf34eeq,97825,flugblattentwurf,frauen,filmmaterials
358,christoph,probst,fritz,stalingrad,sophie,krank,menschen,krieg,opa,rückzug,scholl,rjpjwzk,cmd12zilaw2kgw,ja,hans,gefangenschaft,schichtträger,ill3ovfqk1yn_ebbhjjdbq,wurde,januar
359,meth,pervitin,drogen,panzerschokolade,methamphetamin,crystal,alkohol,soldaten,droge,pillen,nebenwirkungen,abhängig,rausch,mittel,schokolade,wurde,wach,speed,ja,3qukqsfuw
360,pervitin,meth,drogen,ritalin,substanzen,droge,hzim7kodoe8807fbzaripw,ja,spritzen,methamphetamin,wach,tabletten,falk,lexikon,sophie,crystal,abhängigkeit,predolin,krings,biorhythmus
361,sophie,brief,kleid,fritz,scholl,lina,vgwtwb0q_04a,hib4mkmha,bb2qrp,5o,fi2b_yq9da5q,schal,ja,hosen,lazarett,magdalena,vielleicht,rt07sroabud5rkpwg3e0pq,foto,belanglos
362,kartoffelauflauf,bratkartoffeln,kartoffeln,kartoffelbrei,kartoffel,lecker,eier,rührei,kartoffelgratin,kartoffelschalen,sahne,mahlzeit,kad6bvcekv0wsut4ljg31g,spätzlesuppe,zwiebeln,lebensmittelkarten,klemperer,bauernfrühstück,gratin,tortilla
363,stalingrad,99gaeocy4uan80alirxf1q,1943,soldaten,heldentod,februar,armee,kriegsgefangenschaft,tripolis,rose,krieg,priester,entlastung,paulus,konnte,200000,januar,000,morgen,ja
364,münchen,klotz,mitbringsel,1943,nieder,februar,haecker,christoph,02,sophie,mutter,probst,elisabeth,scholl,schon,briefumschläge,vielleicht,hans,streuaktion,flugblätter
365,a5i4gpqziestpwhmdyqdaq,1943,instinkt,haecker,februar,sophie,väterlichen,scholl,selma,eltern,flugblätter,vater,elisabeth,bruno,ja,hans,gibt,robert,irene,augsburg
366,beipackzettel,1nbsfognnbwvu9ekvtbnjg,nebenwirkungen,frauenlager,nvkae1xxjosdi7av4n4ynw,konsums,schädigung,ufkccljkkmo71otdczimea,vorahnungen,probst,birkenau,appell,auschwitz,gaskammern,februar,handlungsweise,häftlinge,weiblichen,ulm,ss
367,studierende,scholl,vater,robert,epttemlbvcvdxjdxylvjiw,eltern,sippenhaft,familie,ulm,zeit,sophie,ja,akten,lehrende,auschwitz,studentischen,bruderhof,xwiowgpclhjgrs3rlvkfnq,konzentrationslager,häftlingen
368,lachen,witz,humor,milch,schlagsahne,kupavadk5f_tggy,i8qm0g,witze,es55a_3oyz2revl9wqfatq,sophie,hitler,ja,rahm,lkepy,flüsterwitze,ecoxd22u2jfflpag,b0uu0fqsjwn2jluxpm9mxw,vgwtwb0q_04a,hib4mkmha,8ejymnciq
369,sophie,eltern,scholl,ja,robert,gerichtssaal,bereit,gefängnis,hib4mkmha,vgwtwb0q_04a,hinrichtung,1w5f35cre6ph2jtkraeeuq,a1yrrvwbnoxbnxurl4znxq,wvqxphh7e1l60ft1mngf2w,menschen,hingerichtet,gänseblümchen,teamsoffer,hätte,tag
370,probst,katharina,christoph,katja,7vos7wdawq9hlby1xngxxq,leben,kinder,559ilhvrifjhmczx6mdalg,_thnzpbupdextj8ora7zew,tochter,ja,christls,wurde,werten,glückwunsch,scholl,nr,nachfahrin,michael,probsts
371,traum,traumfresserchen,sophie,träume,immer,e78phkt94hjpcvsm3dkofg,kult,geschichte,alpträume,albträume,hilft,schlussstrich,ja,nr,schlaf,gedanken,albtraum,menschen,i6eys2fg9uwtcoxv7mpuqg,angst
372,fritz,rauchen,lemberg,sophie,gehrts,tvkxjysm8wwm3mqpzufabw,hartnagel,wurde,0jdtzzageuwpjpx,m8l_mq,tag,erwin,zigaretten,traurig,kräuterzigaretten,pi_w,sdiee2urg16yol,fahr,vgwtwb0q_04a,hib4mkmha
373,zipppyimwfhrafefxecyqg,byhivutlueprgvdeiorj6q,schablonen,mamlock,pervitin,rauschgift,digjwovcowuqkuyi6kbulg,_3jh0wrg1egfg9e6qu7fqg,hans,wohnung,atelier,substanz,vn0rf2jgfhepmdhmd72ywq,iuuinphhnnh3lvrtqrys5q,leichtsinn,rose,beyer,nieder,harnack,einfach
374,flugblatt,sophie,studierende,scholl,rose,wohnbezirke,studierenden,ehre,the,ortschaften,yy72zr8,mnjwvjtmsas68b_edo5nsq,_utcvvxfw4kjag,freiheit,jahre,aussiedler,ja,volk,wurde,danke
375,marie,aussiedler,wohnbezirke,ortschaften,patient,sterblichkeit,mußten,juden,jüdischen,arnsdorf,landesanstalt,telefonistin,maries,großschweidniz,dresden,kälte,wächst,beträchtlich,unterhalt,außerstande
376,sophie,scholl,projekt,cato,freitag,vh6cvd3rj6bnmdwbnmvwww,wurde,arbeit,mehr,ja,kapelle,geschichte,rose,immer,kunke,evaluation,stefanie,zeit,oqtg,6yeeiojuzf7ka3f4o
377,rede,g4budkejws,okc6lvalmxg,rtkdrcghdiu1dx2zomgzlw,uhr,freitag,skifahren,erbe,goebbels,nachfolgenden,redaktionelle,ideale,endet,setzten,teamsoffer,sophie,leben,spannende,beiträge,beeindruckt
378,urlaub,fahrt,sophie,hätte,leben,egoistisch,skifahren,ja,menschen,flugblätter,heute,missstände,37fui5rkzwhiw,oi301ylu,nein,verteilen,drwfvcjkz7wvzky8o2kkeg,schmid,owmanvsqgchiolmdvybsca,lenchen009
379,sophie,geschichte,ringel,j73hyfzen1cubwdvddktiq,freitag,mehr,danke,rvpobs9aqcnpzzxgwfhzqq,schon,1943,mildred,dank,vielen,goebbels,macht,rede,leben,urlaub,lebendig,scholl
380,aktion,aufgebracht,aktionen,brief,morgen,sophie,1943,februar,16,scholl,02,immer,ja,liebe,hypothesen,rede,menschen,scholls,lisa,wende
381,morgen,projekt,danke,geschichte,2pwjbzitjpubxe7jslf8cw,angst,sophie,ich,habt,geschwister,kanal,k_nqooky0f4i4bvhwmer7q,traurig,immer,berge,herz,leben,vielen,rose,schon
382,projekt,morgen,sophie,teamsoffer,verhaftung,danke,scholl,feiwgizryrvjg0wgzaeijw,geschichte,flugblätter,aktion,hans,kanal,geschwister,uni,arbeit,dabei,rede,heute,redaktionelle
383,danke,projekt,sophie,geschichte,vielen,feedback,dank,tolles,habt,teamsoffer,dabei,scholl,menschen,tränen,schauspieler,tolle,story,heute,mehr,arbeit
384,projekt,danke,geschichte,sophie,dank,vielen,scholl,probst,christoph,account,menschen,hans,arbeit,tolle,gestapo,zlomltostkw0p,vwcuddq_ra,2uxpo8b7u__,q5rqfrew,dabei
385,gcrda37hy1gim6fp_wfr3a,projekt,geschichte,sophie,fejmbfvmdha1nl0lihktjq,danke,scholl,mcyikrfpyi5q,ovcwrrs,wurde,vielen,dank,ja,habt,arbeit,56tqnb65tmud_,ygl,escw,hans,teamsoffer
386,projekt,sophie,wurde,scholl,rose,freiheit,danke,geschichte,zeit,ja,christoph,vielen,s8rqm7mdbbcz6ji6ptcj2g,fhsh67qgk6avlxf8byeeda,ms9aihzdxo1efw0ktinfiq,weißen,menschen,anklageschrift,schon,dank
387,sophie,scholl,eltern,ph,gnadengesuch,projekt,sofie,lina,danke,urteil,fritz,wurde,christoph,teamsoffer,vgwtwb0q_04a,hib4mkmha,hinrichtung,vielen,geschichte,dank
388,danke,projekt,sophie,dank,tolle,vielen,geschichte,lfhjmdfxblyewenp6gqoq,vergessen,unvergessen,menschen,scholl,habt,tolles,rose,heute,nie,frieden,niemals,traurig
389,hans,2hxfnaxwrpmrazyvw0gopw,freiheit,christoph,projekt,unvergessen,scholl,probst,lebe,yz,zaxnkbyryrref7,rrew,sophie,hingerichtet,vielen,ja,hinrichtung,danke,wurde,dank
390,probst,christoph,stiefmutter,kinder,danke,herta,frau,leben,wurde,ja,bhqaftaz9iygqeycrvbzmw,tljsa5h3cteatndbjoq2ww,angelika,kleeblatt,traurig,mutter,christel,kindern,katharina,unfassbar
391,huber,vollstreckung,kurt,j73hyfzen1cubwdvddktiq,n_jdmzdz1hqexff6uciv7w,münchener,professor,schmorell,danke,436,herausgeben,gnadenentscheidungen,pressemitteilung,wehrmachtsjustiz,propagandazwecke,urteils,275,verging,verständnisvolle,urteil
392,graf,willi,live,anneliese,j73hyfzen1cubwdvddktiq,saarbrücken,wurde,wvqxphh7e1l60ft1mngf2w,probst,nachmittag,danke,gestapo,weitertragen,talk,rose,sendungen,worte,stream,letzten,kanal
393,elisabeth,xsfahda1qzjhavchpqrzsg,yoanvv2edrloi6ur6dzswq,fritz,q3yklujajqqlicre3jyggg,lemberg,krieg,art26pkju0c2iasa2j5sfa,dibmxd7gmlcrphta0faxlq,jv4uq0dsihc3qv9owgx0jw,ukraine,europa,hartnagel,schwester,putin,immer,serbien,sophie,xys3ouia,t3dm6fudty1rl
394,scholl,perlacher,ja,traute,grab,halbbruder,thilde,beerdigung,kinder,sophie,hans,familie,elisabeth,fritz,robert,leichen,friedhof,inge,danke,wurde
395,schmorell,x6pwchzqr4moyxmqocjd_q,alexander,wurde,gestapo,mlad_vooq0w4pw,xes_e3u,schmorells,1943,ja,gläubig,qlfhipsulmrwdkmbhampmg,qguvc2zwe0_msx9tvq0c2w,februar,hans,flucht,namen,verhörprotokolle,lilo,zugerufen
396,s_lqhx7320kwzn2ldrph,3nrozmn,obnbfm5dyqaepq,traute,hamburger,zweig,dumme,2cu0,fzlyxn1cxskw,hhuq,ejqrsvw6x27grkicpzwtpa,wurde,verurteilt,untertitel,herta,entging,102,lafrenz,ttlqdcogbdafqayvbuwogw,unbeteiligt
397,grimminger,jenny,hirzel,aowfb45s_clcfosxazp5jq,freiheitsstrafe,zuchthaus,personen,eugen,vergebens,gefängnis,inhaftiert,verurteilt,angerichtet,wurde,zeller,scholl,rose,zipppyimwfhrafefxecyqg,knöpfe,schmorell
398,cvbqq_63sad8adjxdw,s2v,inge,aicher,besucher,gendern,scholl,otl,aktueller,geschwister,hochschule,zitat,hans,jreikh9zq9mbw6s4bnpgw,männlich,fakt,löste,projekt,frauen,geschlechter
399,leipelt,jahn,luise,margaretha,rothe,hans,marie,donauwörth,rww9gejbzaumevaqj6ihiq,halbjude,stolpersteine,d3ir_7el3wcagmxpr,qjq,leipelts,rose,wurde,hamburger,weißen,hamburg,2cudnnyrwmfdt_hanpxcng
400,geschwister,scholl,rose,schule,weißen,gymnasium,fc6ze2ozm3673l62o8yfig,sophie,platz,denkmal,dhtiuvhxouy4bkg5pwn4sg,münchner,83qn_fodbsc6otzdjiwuyq,universität,projekt,danke,boden,geschichte,force,helden
401,rose,weiße,1tjvpysig2ooavptdds4rg,gendergerechte,blumberg,livestreams,sophie,qmk3bdk0bjpwnb6fvz89fg,scholl,danke,absitzen,furtwängler,_thnzpbupdextj8ora7zew,wurde,witzformulierung,jägerstätter,dialekt,y4tcdjsocjjik80b3k5asw,finde,weißen
